Inicio del informe,Fin del informe,Nombre de la campaña,Entrega de la campaña,Resultados,Indicador de resultado,Costo por resultados,Importe gastado (ARS),Impresiones,Alcance,Frecuencia,CPM (costo por mil impresiones),CTR (porcentaje de clics en el enlace),Clics en el enlace,Objetivo,Identificador de la campaña
2026-09-07,2026-09-07,JY | Awareness,ACTIVE,69,profile_visit_view,33.39,2303.77,3008,3008,1.0,765.88,2.360372,71,OUTCOME_TRAFFIC,120252699394270427
2026-09-07,2026-09-07,JY | Awareness Boxer Taller,PAUSED,40,profile_visit_view,40.76,1630.59,2123,1860,1.141398,768.06,1.884126,40,OUTCOME_TRAFFIC,120253037138720427
2026-09-07,2026-09-07,JY | Conversiones,ACTIVE,1,actions:lead,6256.37,6256.37,1400,1292,1.083591,4468.84,1.071429,15,OUTCOME_LEADS,120252699641360427
2026-09-07,2026-09-07,JY | Remarketing,ACTIVE,,actions:lead,,5535.07,1496,1218,1.228243,3699.91,1.002674,15,OUTCOME_LEADS,120252700778930427
2026-09-07,2026-09-07,JY | Viajes Presenciales Luciana,PAUSED,4,actions:lead,1787.08,7148.31,1291,1048,1.23187,5537.03,1.239349,16,OUTCOME_LEADS,120254099466780427
2026-09-07,2026-09-07,JY | Webinar Mostrador - 17 SEPT 2026,PAUSED,1,actions:lead,1862.18,1862.18,392,324,1.209877,4750.46,0.510204,2,OUTCOME_LEADS,120254108819070427
2026-09-08,2026-09-08,JY | Awareness,ACTIVE,64,profile_visit_view,37.78,2418.05,2807,2730,1.028205,861.44,2.422515,68,OUTCOME_TRAFFIC,120252699394270427
2026-09-08,2026-09-08,JY | Awareness Boxer Taller,PAUSED,54,profile_visit_view,41.0,2214.02,2642,2410,1.096266,838.01,2.043906,54,OUTCOME_TRAFFIC,120253037138720427
2026-09-08,2026-09-08,JY | Conversiones,ACTIVE,1,actions:lead,6622.7,6622.7,1174,1066,1.101313,5641.14,1.618399,19,OUTCOME_LEADS,120252699641360427
2026-09-08,2026-09-08,JY | Remarketing,ACTIVE,2,actions:lead,2703.77,5407.54,1530,1223,1.251022,3534.34,0.588235,9,OUTCOME_LEADS,120252700778930427
2026-09-08,2026-09-08,JY | Viajes Presenciales Luciana,PAUSED,1,actions:lead,6141.33,6141.33,1352,1145,1.180786,4542.4,0.739645,10,OUTCOME_LEADS,120254099466780427
2026-09-08,2026-09-08,JY | Webinar Mostrador - 17 SEPT 2026,PAUSED,,actions:lead,,1985.31,440,374,1.176471,4512.07,,,OUTCOME_LEADS,120254108819070427
2026-09-09,2026-09-09,JY | Awareness,ACTIVE,48,profile_visit_view,41.89,2010.53,2455,2413,1.017406,818.95,2.077393,51,OUTCOME_TRAFFIC,120252699394270427
2026-09-09,2026-09-09,JY | Awareness Boxer Taller,PAUSED,72,profile_visit_view,29.26,2106.57,2940,2635,1.11575,716.52,2.44898,72,OUTCOME_TRAFFIC,120253037138720427
2026-09-09,2026-09-09,JY | Conversiones,ACTIVE,1,actions:lead,7538.0,7538.0,1339,1216,1.101151,5629.57,1.7177,23,OUTCOME_LEADS,120252699641360427
2026-09-09,2026-09-09,JY | Remarketing,ACTIVE,2,actions:lead,3528.35,7056.7,1258,980,1.283673,5609.46,0.63593,8,OUTCOME_LEADS,120252700778930427
2026-09-09,2026-09-09,JY | Viajes Presenciales Luciana,PAUSED,2,actions:lead,3044.08,6088.15,1124,928,1.211207,5416.5,0.88968,10,OUTCOME_LEADS,120254099466780427
2026-09-09,2026-09-09,JY | Webinar Mostrador - 17 SEPT 2026,PAUSED,,actions:lead,,1295.9,297,247,1.202429,4363.3,0.673401,2,OUTCOME_LEADS,120254108819070427
2026-09-10,2026-09-10,JY | Awareness,ACTIVE,46,profile_visit_view,48.68,2239.23,2817,2711,1.0391,794.9,1.70394,48,OUTCOME_TRAFFIC,120252699394270427
2026-09-10,2026-09-10,JY | Awareness Boxer Taller,PAUSED,51,profile_visit_view,34.6,1764.76,2355,2206,1.067543,749.37,2.250531,53,OUTCOME_TRAFFIC,120253037138720427
2026-09-10,2026-09-10,JY | Conversiones,ACTIVE,1,actions:lead,7162.79,7162.79,1391,1269,1.096139,5149.38,1.150252,16,OUTCOME_LEADS,120252699641360427
2026-09-10,2026-09-10,JY | Remarketing,ACTIVE,2,actions:lead,2601.57,5203.14,946,604,1.566225,5500.15,0.951374,9,OUTCOME_LEADS,120252700778930427
2026-09-10,2026-09-10,JY | Viajes Presenciales Luciana,PAUSED,1,actions:lead,6011.66,6011.66,1139,1011,1.126607,5278.02,0.965759,11,OUTCOME_LEADS,120254099466780427
2026-09-10,2026-09-10,JY | Webinar Mostrador - 17 SEPT 2026,PAUSED,2,actions:lead,3121.22,6242.44,1252,900,1.391111,4985.97,0.878594,11,OUTCOME_LEADS,120254108819070427
2026-09-11,2026-09-11,JY | Awareness,ACTIVE,61,profile_visit_view,46.65,2845.85,3874,3707,1.04505,734.6,1.522974,59,OUTCOME_TRAFFIC,120252699394270427
2026-09-11,2026-09-11,JY | Awareness Boxer Taller,PAUSED,61,profile_visit_view,34.23,2088.1,2878,2684,1.07228,725.54,2.293259,66,OUTCOME_TRAFFIC,120253037138720427
2026-09-11,2026-09-11,JY | Conversiones,ACTIVE,3,actions:lead,2766.21,8298.63,1528,1386,1.102453,5431.04,1.832461,28,OUTCOME_LEADS,120252699641360427
2026-09-11,2026-09-11,JY | Remarketing,ACTIVE,,actions:lead,,5037.88,1062,772,1.375648,4743.77,0.47081,5,OUTCOME_LEADS,120252700778930427
2026-09-11,2026-09-11,JY | Viajes Presenciales Luciana,PAUSED,2,actions:lead,2900.7,5801.39,1114,953,1.16894,5207.71,0.987433,11,OUTCOME_LEADS,120254099466780427
2026-09-11,2026-09-11,JY | Webinar Mostrador - 17 SEPT 2026,PAUSED,3,actions:lead,2156.46,6469.37,1375,985,1.395939,4705.0,1.090909,15,OUTCOME_LEADS,120254108819070427
2026-09-12,2026-09-12,JY | Awareness,ACTIVE,71,profile_visit_view,40.19,2853.18,3771,3576,1.05453,756.61,1.935826,73,OUTCOME_TRAFFIC,120252699394270427
2026-09-12,2026-09-12,JY | Awareness Boxer Taller,PAUSED,62,profile_visit_view,29.07,1802.13,2728,2598,1.050038,660.6,2.272727,62,OUTCOME_TRAFFIC,120253037138720427
2026-09-12,2026-09-12,JY | Conversiones,ACTIVE,4,actions:lead,2144.12,8576.49,1414,1294,1.092736,6065.41,1.980198,28,OUTCOME_LEADS,120252699641360427
2026-09-12,2026-09-12,JY | Remarketing,ACTIVE,,actions:lead,,3142.53,793,612,1.295752,3962.84,0.75662,6,OUTCOME_LEADS,120252700778930427
2026-09-12,2026-09-12,JY | Viajes Presenciales Luciana,PAUSED,2,actions:lead,2680.26,5360.52,1091,987,1.10537,4913.4,1.558203,17,OUTCOME_LEADS,120254099466780427
2026-09-12,2026-09-12,JY | Webinar Mostrador - 17 SEPT 2026,PAUSED,,actions:lead,,3581.31,902,686,1.314869,3970.41,0.776053,7,OUTCOME_LEADS,120254108819070427
2026-09-13,2026-09-13,JY | Awareness,ACTIVE,60,profile_visit_view,56.72,3403.23,4469,4304,1.038336,761.52,1.387335,62,OUTCOME_TRAFFIC,120252699394270427
2026-09-13,2026-09-13,JY | Awareness Boxer Taller,PAUSED,72,profile_visit_view,32.0,2304.19,3266,2826,1.155697,705.51,2.327006,76,OUTCOME_TRAFFIC,120253037138720427
2026-09-13,2026-09-13,JY | Conversiones,ACTIVE,3,actions:lead,4091.73,12275.18,2244,2067,1.085631,5470.22,0.935829,21,OUTCOME_LEADS,120252699641360427
2026-09-13,2026-09-13,JY | Remarketing,ACTIVE,2,actions:lead,2581.91,5163.81,1086,820,1.32439,4754.89,0.828729,9,OUTCOME_LEADS,120252700778930427
2026-09-13,2026-09-13,JY | Viajes Presenciales Luciana,PAUSED,2,actions:lead,3844.17,7688.33,1495,1240,1.205645,5142.7,0.735786,11,OUTCOME_LEADS,120254099466780427
2026-09-13,2026-09-13,JY | Webinar Mostrador - 17 SEPT 2026,PAUSED,2,actions:lead,3476.43,6952.85,1597,1121,1.424621,4353.69,0.876644,14,OUTCOME_LEADS,120254108819070427
2026-09-14,2026-09-14,JY | Awareness,ACTIVE,58,profile_visit_view,42.88,2486.84,3046,2922,1.042437,816.43,2.002626,61,OUTCOME_TRAFFIC,120252699394270427
2026-09-14,2026-09-14,JY | Awareness Boxer Taller,PAUSED,72,profile_visit_view,27.46,1977.42,2698,2539,1.062623,732.92,2.779837,75,OUTCOME_TRAFFIC,120253037138720427
2026-09-14,2026-09-14,JY | Conversiones,ACTIVE,3,actions:lead,3666.45,10999.35,2540,2033,1.249385,4330.45,1.141732,29,OUTCOME_LEADS,120252699641360427
2026-09-14,2026-09-14,JY | Remarketing,ACTIVE,2,actions:lead,3071.55,6143.09,1009,716,1.409218,6088.3,1.189296,12,OUTCOME_LEADS,120252700778930427
2026-09-14,2026-09-14,JY | Viajes Presenciales Luciana,PAUSED,,actions:lead,,5063.24,1138,982,1.158859,4449.24,0.527241,6,OUTCOME_LEADS,120254099466780427
2026-09-14,2026-09-14,JY | Webinar Mostrador - 17 SEPT 2026,PAUSED,1,actions:lead,5868.88,5868.88,1696,1207,1.405137,3460.42,0.471698,8,OUTCOME_LEADS,120254108819070427
2026-09-15,2026-09-15,JY | Awareness,ACTIVE,55,profile_visit_view,45.61,2508.5,3041,2925,1.039658,824.89,1.874383,57,OUTCOME_TRAFFIC,120252699394270427
2026-09-15,2026-09-15,JY | Awareness Boxer Taller,PAUSED,51,profile_visit_view,34.06,1736.81,2358,2221,1.061684,736.56,2.205259,52,OUTCOME_TRAFFIC,120253037138720427
2026-09-15,2026-09-15,JY | Conversiones,ACTIVE,3,actions:lead,2927.47,8782.41,2365,1939,1.219701,3713.49,0.761099,18,OUTCOME_LEADS,120252699641360427
2026-09-15,2026-09-15,JY | Remarketing,ACTIVE,,actions:lead,,4811.24,926,720,1.286111,5195.72,0.539957,5,OUTCOME_LEADS,120252700778930427
2026-09-15,2026-09-15,JY | Viajes Presenciales Luciana,PAUSED,3,actions:lead,1900.62,5701.85,1041,903,1.152824,5477.28,1.248799,13,OUTCOME_LEADS,120254099466780427
2026-09-15,2026-09-15,JY | Webinar Mostrador - 17 SEPT 2026,PAUSED,4,actions:lead,1699.89,6799.55,1638,1258,1.302067,4151.13,0.671551,11,OUTCOME_LEADS,120254108819070427
2026-09-16,2026-09-16,JY | Awareness,ACTIVE,45,profile_visit_view,48.23,2170.45,2669,2552,1.045846,813.21,1.835894,49,OUTCOME_TRAFFIC,120252699394270427
2026-09-16,2026-09-16,JY | Awareness Boxer Taller,PAUSED,58,profile_visit_view,32.93,1909.94,2395,2264,1.057862,797.47,2.546973,61,OUTCOME_TRAFFIC,120253037138720427
2026-09-16,2026-09-16,JY | Conversiones,ACTIVE,1,actions:lead,9921.0,9921.0,2163,1803,1.199667,4586.69,0.416089,9,OUTCOME_LEADS,120252699641360427
2026-09-16,2026-09-16,JY | Remarketing,ACTIVE,1,actions:lead,4985.12,4985.12,672,546,1.230769,7418.33,0.446429,3,OUTCOME_LEADS,120252700778930427
2026-09-16,2026-09-16,JY | Viajes Presenciales Luciana,PAUSED,,actions:lead,,6162.39,1147,969,1.183695,5372.62,0.959024,11,OUTCOME_LEADS,120254099466780427
2026-09-16,2026-09-16,JY | Webinar Mostrador - 17 SEPT 2026,PAUSED,1,actions:lead,2722.12,2722.12,631,518,1.218147,4313.98,0.316957,2,OUTCOME_LEADS,120254108819070427
2026-09-17,2026-09-17,JY | Awareness,ACTIVE,53,profile_visit_view,41.27,2187.41,2377,2364,1.005499,920.24,2.397981,57,OUTCOME_TRAFFIC,120252699394270427
2026-09-17,2026-09-17,JY | Awareness Boxer Taller,PAUSED,20,profile_visit_view,28.7,574.06,667,667,1.0,860.66,2.998501,20,OUTCOME_TRAFFIC,120253037138720427
2026-09-17,2026-09-17,JY | Awareness Boxer Taller (AGENTE META),ACTIVE,31,profile_visit_view,41.38,1282.87,987,955,1.033508,1299.77,3.343465,33,OUTCOME_TRAFFIC,120254402425170427
2026-09-17,2026-09-17,JY | Conversiones,ACTIVE,5,actions:lead,1750.49,8752.45,2025,1691,1.197516,4322.2,0.888889,18,OUTCOME_LEADS,120252699641360427
2026-09-17,2026-09-17,JY | Remarketing,ACTIVE,3,actions:lead,1641.9,4925.71,653,508,1.285433,7543.2,1.378254,9,OUTCOME_LEADS,120252700778930427
2026-09-17,2026-09-17,JY | Viajes Presenciales Luciana,PAUSED,2,actions:lead,2353.39,4706.78,763,713,1.070126,6168.78,1.703801,13,OUTCOME_LEADS,120254099466780427
2026-09-18,2026-09-18,JY | Awareness,ACTIVE,67,profile_visit_view,44.91,3008.8,3811,3518,1.083286,789.5,1.784309,68,OUTCOME_TRAFFIC,120252699394270427
2026-09-18,2026-09-18,JY | Awareness Boxer Taller (AGENTE META),ACTIVE,45,profile_visit_view,39.71,1786.88,1044,995,1.049246,1711.57,4.310345,45,OUTCOME_TRAFFIC,120254402425170427
2026-09-18,2026-09-18,JY | Conversiones,ACTIVE,6,actions:lead,1767.69,10606.11,2771,2366,1.171175,3827.54,0.649585,18,OUTCOME_LEADS,120252699641360427
2026-09-18,2026-09-18,JY | Remarketing,ACTIVE,2,actions:lead,2615.24,5230.48,702,544,1.290441,7450.83,0.569801,4,OUTCOME_LEADS,120252700778930427
2026-09-18,2026-09-18,JY | Viajes Presenciales Luciana,PAUSED,1,actions:lead,3159.04,3159.04,691,595,1.161345,4571.69,1.157742,8,OUTCOME_LEADS,120254099466780427
2026-09-19,2026-09-19,JY | Awareness,ACTIVE,37,profile_visit_view,46.82,1732.49,1986,1902,1.044164,872.35,1.863041,37,OUTCOME_TRAFFIC,120252699394270427
2026-09-19,2026-09-19,JY | Awareness Boxer Taller (AGENTE META),ACTIVE,55,profile_visit_view,37.84,2080.95,1343,1260,1.065873,1549.48,4.169769,56,OUTCOME_TRAFFIC,120254402425170427
2026-09-19,2026-09-19,JY | Conversiones,ACTIVE,5,actions:lead,1708.66,8543.29,2306,2030,1.135961,3704.81,0.650477,15,OUTCOME_LEADS,120252699641360427
2026-09-19,2026-09-19,JY | Remarketing,ACTIVE,,actions:lead,,3668.74,762,595,1.280672,4814.62,0.262467,2,OUTCOME_LEADS,120252700778930427
2026-09-19,2026-09-19,JY | Viajes Presenciales Luciana,PAUSED,,actions:lead,,2143.95,493,424,1.162736,4348.78,1.014199,5,OUTCOME_LEADS,120254099466780427
2026-09-20,2026-09-20,JY | Awareness,ACTIVE,72,profile_visit_view,40.74,2933.03,3548,3467,1.023363,826.67,2.113867,75,OUTCOME_TRAFFIC,120252699394270427
2026-09-20,2026-09-20,JY | Awareness Boxer Taller (AGENTE META),ACTIVE,84,profile_visit_view,34.77,2920.26,1998,1900,1.051579,1461.59,4.254254,85,OUTCOME_TRAFFIC,120254402425170427
2026-09-20,2026-09-20,JY | Conversiones,ACTIVE,5,actions:lead,2543.7,12718.5,3724,3265,1.140582,3415.28,0.644468,24,OUTCOME_LEADS,120252699641360427
2026-09-20,2026-09-20,JY | Remarketing,ACTIVE,1,actions:lead,5627.09,5627.09,980,727,1.348006,5741.93,0.714286,7,OUTCOME_LEADS,120252700778930427
2026-09-20,2026-09-20,JY | Viajes Presenciales Luciana,PAUSED,2,actions:lead,2230.41,4460.81,835,678,1.231563,5342.29,1.317365,11,OUTCOME_LEADS,120254099466780427
2026-09-21,2026-09-21,JY | Awareness,ACTIVE,78,profile_visit_view,35.22,2746.95,4212,4003,1.052211,652.17,1.899335,80,OUTCOME_TRAFFIC,120252699394270427
2026-09-21,2026-09-21,JY | Awareness Boxer Taller (AGENTE META),ACTIVE,40,profile_visit_view,35.31,1412.56,990,931,1.063373,1426.83,4.242424,42,OUTCOME_TRAFFIC,120254402425170427
2026-09-21,2026-09-21,JY | Conversiones,ACTIVE,3,actions:lead,3731.25,11193.75,3488,2950,1.182373,3209.22,0.659404,23,OUTCOME_LEADS,120252699641360427
2026-09-21,2026-09-21,JY | Remarketing,ACTIVE,2,actions:lead,2305.81,4611.62,712,567,1.255732,6476.99,1.123596,8,OUTCOME_LEADS,120252700778930427
2026-09-21,2026-09-21,JY | Viajes Presenciales Luciana,PAUSED,2,actions:lead,1738.92,3477.84,803,661,1.214826,4331.06,0.996264,8,OUTCOME_LEADS,120254099466780427
2026-09-22,2026-09-22,JY | Awareness,ACTIVE,64,profile_visit_view,32.04,2050.7,3074,2891,1.0633,667.11,2.114509,65,OUTCOME_TRAFFIC,120252699394270427
2026-09-22,2026-09-22,JY | Awareness Boxer Taller (AGENTE META),ACTIVE,25,profile_visit_view,69.13,1728.18,1423,1345,1.057993,1214.46,1.827126,26,OUTCOME_TRAFFIC,120254402425170427
2026-09-22,2026-09-22,JY | Conversiones,ACTIVE,1,actions:lead,12450.57,12450.57,3262,2736,1.192251,3816.85,0.643777,21,OUTCOME_LEADS,120252699641360427
2026-09-22,2026-09-22,JY | Remarketing,ACTIVE,,actions:lead,,5453.2,941,720,1.306944,5795.11,0.53135,5,OUTCOME_LEADS,120252700778930427
2026-09-22,2026-09-22,JY | Viajes Presenciales Luciana,PAUSED,2,actions:lead,1513.69,3027.38,705,601,1.173045,4294.16,0.851064,6,OUTCOME_LEADS,120254099466780427
2026-09-23,2026-09-23,JY | Awareness,ACTIVE,57,profile_visit_view,38.56,2197.93,3391,3207,1.057374,648.17,1.71041,58,OUTCOME_TRAFFIC,120252699394270427
2026-09-23,2026-09-23,JY | Awareness Boxer Taller (AGENTE META),ACTIVE,33,profile_visit_view,61.29,2022.6,1921,1828,1.050875,1052.89,1.717855,33,OUTCOME_TRAFFIC,120254402425170427
2026-09-23,2026-09-23,JY | Conversiones,ACTIVE,2,actions:lead,5655.51,11311.02,2823,2386,1.183152,4006.74,0.42508,12,OUTCOME_LEADS,120252699641360427
2026-09-23,2026-09-23,JY | Remarketing,ACTIVE,1,actions:lead,4847.73,4847.73,1081,825,1.310303,4484.49,0.647549,7,OUTCOME_LEADS,120252700778930427
2026-09-23,2026-09-23,JY | Viajes Presenciales Luciana,PAUSED,,actions:lead,,2536.44,597,508,1.175197,4248.64,0.335008,2,OUTCOME_LEADS,120254099466780427
2026-09-24,2026-09-24,JY | Awareness,ACTIVE,70,profile_visit_view,38.49,2694.56,3849,3681,1.04564,700.07,1.896597,73,OUTCOME_TRAFFIC,120252699394270427
2026-09-24,2026-09-24,JY | Awareness Boxer Taller (AGENTE META),ACTIVE,33,profile_visit_view,59.39,1959.93,1916,1835,1.044142,1022.93,1.77453,34,OUTCOME_TRAFFIC,120254402425170427
2026-09-24,2026-09-24,JY | Conversiones,ACTIVE,,actions:lead,,16332.48,3402,2912,1.168269,4800.85,0.970018,33,OUTCOME_LEADS,120252699641360427
2026-09-24,2026-09-24,JY | Remarketing,ACTIVE,,actions:lead,,4806.35,1071,806,1.328784,4487.72,0.840336,9,OUTCOME_LEADS,120252700778930427
2026-09-24,2026-09-24,JY | Viajes Presenciales Luciana,PAUSED,,actions:lead,,3611.17,489,397,1.231738,7384.81,0.204499,1,OUTCOME_LEADS,120254099466780427
2026-09-25,2026-09-25,JY | Awareness,ACTIVE,59,profile_visit_view,39.71,2343.03,3097,3017,1.026516,756.55,1.87278,58,OUTCOME_TRAFFIC,120252699394270427
2026-09-25,2026-09-25,JY | Awareness Boxer Taller (AGENTE META),ACTIVE,26,profile_visit_view,70.63,1836.28,1876,1850,1.014054,978.83,1.385928,26,OUTCOME_TRAFFIC,120254402425170427
2026-09-25,2026-09-25,JY | Conversiones,ACTIVE,2,actions:lead,8091.43,16182.85,3056,2644,1.155825,5295.44,0.883508,27,OUTCOME_LEADS,120252699641360427
2026-09-25,2026-09-25,JY | Remarketing,ACTIVE,1,actions:lead,5153.09,5153.09,1010,788,1.281726,5102.07,1.089109,11,OUTCOME_LEADS,120252700778930427
2026-09-25,2026-09-25,JY | Viajes Presenciales Luciana,PAUSED,,actions:lead,,2626.12,324,230,1.408696,8105.31,0.308642,1,OUTCOME_LEADS,120254099466780427
2026-09-26,2026-09-26,JY | Awareness,ACTIVE,59,profile_visit_view,42.92,2532.37,3443,3313,1.039239,735.51,1.713622,59,OUTCOME_TRAFFIC,120252699394270427
2026-09-26,2026-09-26,JY | Awareness Boxer Taller (AGENTE META),ACTIVE,37,profile_visit_view,54.71,2024.39,1966,1913,1.027705,1029.7,1.881994,37,OUTCOME_TRAFFIC,120254402425170427
2026-09-26,2026-09-26,JY | Conversiones,ACTIVE,2,actions:lead,8089.07,16178.14,2983,2527,1.180451,5423.45,0.804559,24,OUTCOME_LEADS,120252699641360427
2026-09-26,2026-09-26,JY | Remarketing,ACTIVE,,actions:lead,,4395.03,934,753,1.240372,4705.6,0.321199,3,OUTCOME_LEADS,120252700778930427
2026-09-26,2026-09-26,JY | Viajes Presenciales Luciana,PAUSED,,actions:lead,,2613.17,426,354,1.20339,6134.2,0.704225,3,OUTCOME_LEADS,120254099466780427
2026-09-27,2026-09-27,JY | Awareness,ACTIVE,51,profile_visit_view,44.79,2284.51,2729,2698,1.01149,837.12,1.868816,51,OUTCOME_TRAFFIC,120252699394270427
2026-09-27,2026-09-27,JY | Awareness Boxer Taller (AGENTE META),ACTIVE,56,profile_visit_view,48.91,2738.97,2571,2457,1.046398,1065.33,2.255932,58,OUTCOME_TRAFFIC,120254402425170427
2026-09-27,2026-09-27,JY | Conversiones,ACTIVE,3,actions:lead,6302.4,18907.19,3832,3273,1.170791,4934.03,0.548017,21,OUTCOME_LEADS,120252699641360427
2026-09-27,2026-09-27,JY | Remarketing,ACTIVE,2,actions:lead,2746.72,5493.43,924,702,1.316239,5945.27,1.082251,10,OUTCOME_LEADS,120252700778930427
2026-09-27,2026-09-27,JY | Viajes Presenciales Luciana,PAUSED,,actions:lead,,2361.27,356,287,1.240418,6632.78,0.280899,1,OUTCOME_LEADS,120254099466780427
2026-09-28,2026-09-28,JY | Awareness,ACTIVE,57,profile_visit_view,55.43,3159.45,4302,4237,1.015341,734.41,1.371455,59,OUTCOME_TRAFFIC,120252699394270427
2026-09-28,2026-09-28,JY | Awareness Boxer Taller (AGENTE META),ACTIVE,73,profile_visit_view,31.8,2321.22,1646,1539,1.069526,1410.22,4.495747,74,OUTCOME_TRAFFIC,120254402425170427
2026-09-28,2026-09-28,JY | Conversiones,ACTIVE,3,actions:lead,6014.83,18044.49,3864,3064,1.261097,4669.9,0.905797,35,OUTCOME_LEADS,120252699641360427
2026-09-28,2026-09-28,JY | Remarketing,ACTIVE,,actions:lead,,5196.14,849,689,1.232221,6120.31,0.942285,8,OUTCOME_LEADS,120252700778930427
2026-09-28,2026-09-28,JY | Viajes Presenciales Luciana,PAUSED,1,actions:lead,2056.93,2056.93,433,343,1.262391,4750.42,1.154734,5,OUTCOME_LEADS,120254099466780427
2026-09-29,2026-09-29,JY | Awareness,ACTIVE,67,profile_visit_view,43.51,2914.89,3138,2954,1.062288,928.9,2.135118,67,OUTCOME_TRAFFIC,120252699394270427
2026-09-29,2026-09-29,JY | Awareness Boxer Taller (AGENTE META),ACTIVE,36,profile_visit_view,30.43,1095.45,640,600,1.066667,1711.64,5.625,36,OUTCOME_TRAFFIC,120254402425170427
2026-09-29,2026-09-29,JY | Conversiones,ACTIVE,2,actions:lead,8451.47,16902.93,3367,2617,1.286588,5020.18,0.861301,29,OUTCOME_LEADS,120252699641360427
2026-09-29,2026-09-29,JY | Cursos y Webinars (AGENTE META),ACTIVE,,actions:lead,,1741.87,296,285,1.038596,5884.7,1.689189,5,OUTCOME_LEADS,120254602445140427
2026-09-29,2026-09-29,JY | Remarketing,ACTIVE,1,actions:lead,4759.01,4759.01,1100,825,1.333333,4326.37,0.909091,10,OUTCOME_LEADS,120252700778930427
2026-09-29,2026-09-29,JY | Viajes Presenciales Luciana,PAUSED,,actions:lead,,564.59,130,122,1.065574,4343.0,,,OUTCOME_LEADS,120254099466780427
2026-09-30,2026-09-30,JY | Awareness,ACTIVE,59,profile_visit_view,43.94,2592.56,2256,2190,1.030137,1149.18,2.703901,61,OUTCOME_TRAFFIC,120252699394270427
2026-09-30,2026-09-30,JY | Awareness Boxer Taller (AGENTE META),ACTIVE,46,profile_visit_view,55.55,2555.22,1143,1143,1.0,2235.54,4.024497,46,OUTCOME_TRAFFIC,120254402425170427
2026-09-30,2026-09-30,JY | Conversiones,ACTIVE,2,actions:lead,7481.16,14962.31,2421,2080,1.163942,6180.22,1.321768,32,OUTCOME_LEADS,120252699641360427
2026-09-30,2026-09-30,JY | Cursos y Webinars (AGENTE META),ACTIVE,,actions:lead,,2117.97,453,391,1.158568,4675.43,0.220751,1,OUTCOME_LEADS,120254602445140427
2026-09-30,2026-09-30,JY | Remarketing,ACTIVE,,actions:lead,,5407.43,828,639,1.295775,6530.71,1.570048,13,OUTCOME_LEADS,120252700778930427
2026-09-30,2026-09-30,JY | Viajes Presenciales Santiago,ACTIVE,1,actions:lead,1390.57,1390.57,151,127,1.188976,9209.07,1.324503,2,OUTCOME_LEADS,120254620299840427
2026-10-01,2026-10-01,JY | Awareness,ACTIVE,58,profile_visit_view,39.98,2318.74,2234,2143,1.042464,1037.93,2.730528,61,OUTCOME_TRAFFIC,120252699394270427
2026-10-01,2026-10-01,JY | Awareness Boxer Taller (AGENTE META),ACTIVE,91,profile_visit_view,38.38,3492.18,1882,1813,1.038058,1855.57,5.154091,97,OUTCOME_TRAFFIC,120254402425170427
2026-10-01,2026-10-01,JY | Conversiones,ACTIVE,1,actions:lead,14772.99,14772.99,2053,1784,1.150785,7195.81,0.876766,18,OUTCOME_LEADS,120252699641360427
2026-10-01,2026-10-01,JY | Cursos y Webinars (AGENTE META),ACTIVE,1,actions:lead,1149.62,1149.62,244,210,1.161905,4711.56,2.459016,6,OUTCOME_LEADS,120254602445140427
2026-10-01,2026-10-01,JY | Remarketing,ACTIVE,,actions:lead,,4446.23,756,584,1.294521,5881.26,1.322751,10,OUTCOME_LEADS,120252700778930427
2026-10-01,2026-10-01,JY | Viajes Presenciales Santiago,ACTIVE,,actions:lead,,1832.12,215,167,1.287425,8521.49,1.395349,3,OUTCOME_LEADS,120254620299840427
2026-10-02,2026-10-02,JY | Awareness,ACTIVE,47,profile_visit_view,54.0,2538.16,2363,2289,1.032329,1074.13,2.073635,49,OUTCOME_TRAFFIC,120252699394270427
2026-10-02,2026-10-02,JY | Awareness Boxer Taller (AGENTE META),ACTIVE,84,profile_visit_view,29.12,2445.71,1730,1655,1.045317,1413.71,4.971098,86,OUTCOME_TRAFFIC,120254402425170427
2026-10-02,2026-10-02,JY | Conversiones,ACTIVE,1,actions:lead,19310.31,19310.31,2659,2233,1.190775,7262.25,1.053027,28,OUTCOME_LEADS,120252699641360427
2026-10-02,2026-10-02,JY | Cursos y Webinars (AGENTE META),ACTIVE,1,actions:lead,3005.1,3005.1,612,526,1.163498,4910.29,0.653595,4,OUTCOME_LEADS,120254602445140427
2026-10-02,2026-10-02,JY | Remarketing,ACTIVE,,actions:lead,,5117.49,778,643,1.209953,6577.75,1.156812,9,OUTCOME_LEADS,120252700778930427
2026-10-02,2026-10-02,JY | Viajes Presenciales Santiago,ACTIVE,,actions:lead,,1789.13,129,103,1.252427,13869.22,1.550388,2,OUTCOME_LEADS,120254620299840427
2026-10-03,2026-10-03,JY | Awareness,ACTIVE,27,profile_visit_view,62.6,1690.22,1685,1685,1.0,1003.1,1.661721,28,OUTCOME_TRAFFIC,120252699394270427
2026-10-03,2026-10-03,JY | Awareness Boxer Taller (AGENTE META),ACTIVE,90,profile_visit_view,25.51,2295.47,1594,1472,1.08288,1440.07,5.959849,95,OUTCOME_TRAFFIC,120254402425170427
2026-10-03,2026-10-03,JY | Conversiones,ACTIVE,4,actions:lead,4846.51,19386.04,3087,2585,1.194197,6279.9,1.068999,33,OUTCOME_LEADS,120252699641360427
2026-10-03,2026-10-03,JY | Cursos y Webinars (AGENTE META),ACTIVE,2,actions:lead,494.85,989.69,305,285,1.070175,3244.89,1.967213,6,OUTCOME_LEADS,120254602445140427
2026-10-03,2026-10-03,JY | Remarketing,ACTIVE,2,actions:lead,2221.84,4443.68,804,672,1.196429,5526.97,1.119403,9,OUTCOME_LEADS,120252700778930427
2026-10-03,2026-10-03,JY | Viajes Presenciales Santiago,ACTIVE,,actions:lead,,453.24,93,74,1.256757,4873.55,,,OUTCOME_LEADS,120254620299840427
2026-10-04,2026-10-04,JY | Awareness,ACTIVE,93,profile_visit_view,29.17,2712.94,4254,4160,1.022596,637.74,2.186178,93,OUTCOME_TRAFFIC,120252699394270427
2026-10-04,2026-10-04,JY | Awareness Boxer Taller (AGENTE META),ACTIVE,76,profile_visit_view,34.25,2602.93,2136,2009,1.063216,1218.6,3.604869,77,OUTCOME_TRAFFIC,120254402425170427
2026-10-04,2026-10-04,JY | Conversiones,ACTIVE,4,actions:lead,4860.35,19441.39,3496,2811,1.243686,5561.04,0.886728,31,OUTCOME_LEADS,120252699641360427
2026-10-04,2026-10-04,JY | Cursos y Webinars (AGENTE META),ACTIVE,1,actions:lead,2702.15,2702.15,812,699,1.16166,3327.77,0.492611,4,OUTCOME_LEADS,120254602445140427
2026-10-04,2026-10-04,JY | Remarketing,ACTIVE,5,actions:lead,1230.75,6153.77,1067,756,1.411376,5767.36,0.843486,9,OUTCOME_LEADS,120252700778930427
2026-10-04,2026-10-04,JY | Viajes Presenciales Santiago,ACTIVE,,actions:lead,,1954.75,212,157,1.350318,9220.52,0.943396,2,OUTCOME_LEADS,120254620299840427
