Inicio del informe,Fin del informe,Nombre del conjunto de anuncios,Nombre de la campaña,Entrega del conjunto de anuncios,Resultados,Indicador de resultado,Costo por resultados,Presupuesto del conjunto de anuncios,Tipo de presupuesto,Importe gastado (ARS),Impresiones,Alcance,Frecuencia,CPM (costo por mil impresiones),CTR (porcentaje de clics en el enlace),Clics en el enlace,Identificador del conjunto de anuncios
2026-09-07,2026-09-07,Redirección al perfil de Instagram - Segmentación manual,JY | Awareness,ACTIVE,69,profile_visit_view,33.39,2500.0,Diario,2303.77,3008,3008,1.0,765.88,2.360372,71,120252699394260427
2026-09-07,2026-09-07,Nuevo conjunto de anuncios de Tráfico,JY | Awareness Boxer Taller,CAMPAIGN_PAUSED,40,profile_visit_view,40.76,2000.0,Diario,1630.59,2123,1860,1.141398,768.06,1.884126,40,120253037138730427
2026-09-07,2026-09-07,Conversión segmentación similar,JY | Conversiones,ACTIVE,1,actions:lead,6256.37,13000.0,Diario,6256.37,1400,1292,1.083591,4468.84,1.071429,15,120252699641350427
2026-09-07,2026-09-07,Remarketing,JY | Remarketing,ACTIVE,,actions:lead,,5000.0,Diario,5535.07,1496,1218,1.228243,3699.91,1.002674,15,120252700778940427
2026-09-07,2026-09-07,Mendoza - Frio - LAL CRM - Video,JY | Viajes Presenciales Luciana,PAUSED,3,actions:lead,1182.56,3000.0,Diario,3547.67,702,552,1.271739,5053.66,1.139601,8,120254099466790427
2026-09-07,2026-09-07,San Juan- Frio - LAL CRM - Video,JY | Viajes Presenciales Luciana,PAUSED,1,actions:lead,3600.64,3000.0,Diario,3600.64,589,503,1.170974,6113.14,1.358234,8,120254102057320427
2026-09-07,2026-09-07,Conjunto 1 - Frio nacional,JY | Webinar Mostrador - 17 SEPT 2026,PAUSED,1,actions:lead,1862.18,2000.0,Diario,1862.18,392,324,1.209877,4750.46,0.510204,2,120254108819080427
2026-09-08,2026-09-08,Redirección al perfil de Instagram - Segmentación manual,JY | Awareness,ACTIVE,64,profile_visit_view,37.78,2500.0,Diario,2418.05,2807,2730,1.028205,861.44,2.422515,68,120252699394260427
2026-09-08,2026-09-08,Nuevo conjunto de anuncios de Tráfico,JY | Awareness Boxer Taller,CAMPAIGN_PAUSED,54,profile_visit_view,41.0,2000.0,Diario,2214.02,2642,2410,1.096266,838.01,2.043906,54,120253037138730427
2026-09-08,2026-09-08,Conversión segmentación similar,JY | Conversiones,ACTIVE,1,actions:lead,6622.7,13000.0,Diario,6622.7,1174,1066,1.101313,5641.14,1.618399,19,120252699641350427
2026-09-08,2026-09-08,Remarketing,JY | Remarketing,ACTIVE,2,actions:lead,2703.77,5000.0,Diario,5407.54,1530,1223,1.251022,3534.34,0.588235,9,120252700778940427
2026-09-08,2026-09-08,Mendoza - Frio - LAL CRM - Video,JY | Viajes Presenciales Luciana,PAUSED,,actions:lead,,3000.0,Diario,3381.03,764,654,1.168196,4425.43,0.52356,4,120254099466790427
2026-09-08,2026-09-08,San Juan- Frio - LAL CRM - Video,JY | Viajes Presenciales Luciana,PAUSED,1,actions:lead,2760.3,3000.0,Diario,2760.3,588,493,1.192698,4694.39,1.020408,6,120254102057320427
2026-09-08,2026-09-08,Conjunto 1 - Frio nacional,JY | Webinar Mostrador - 17 SEPT 2026,PAUSED,,actions:lead,,2000.0,Diario,1985.31,440,374,1.176471,4512.07,,,120254108819080427
2026-09-09,2026-09-09,Redirección al perfil de Instagram - Segmentación manual,JY | Awareness,ACTIVE,48,profile_visit_view,41.89,2500.0,Diario,2010.53,2455,2413,1.017406,818.95,2.077393,51,120252699394260427
2026-09-09,2026-09-09,Nuevo conjunto de anuncios de Tráfico,JY | Awareness Boxer Taller,CAMPAIGN_PAUSED,72,profile_visit_view,29.26,2000.0,Diario,2106.57,2940,2635,1.11575,716.52,2.44898,72,120253037138730427
2026-09-09,2026-09-09,Conversión segmentación similar,JY | Conversiones,ACTIVE,1,actions:lead,7538.0,13000.0,Diario,7538.0,1339,1216,1.101151,5629.57,1.7177,23,120252699641350427
2026-09-09,2026-09-09,Remarketing,JY | Remarketing,ACTIVE,2,actions:lead,3528.35,5000.0,Diario,7056.7,1258,980,1.283673,5609.46,0.63593,8,120252700778940427
2026-09-09,2026-09-09,Mendoza - Frio - LAL CRM - Video,JY | Viajes Presenciales Luciana,PAUSED,,actions:lead,,3000.0,Diario,2803.61,519,440,1.179545,5401.95,0.578035,3,120254099466790427
2026-09-09,2026-09-09,San Juan- Frio - LAL CRM - Video,JY | Viajes Presenciales Luciana,PAUSED,2,actions:lead,1642.27,3000.0,Diario,3284.54,605,508,1.190945,5428.99,1.157025,7,120254102057320427
2026-09-09,2026-09-09,Conjunto 1 - Frio nacional,JY | Webinar Mostrador - 17 SEPT 2026,PAUSED,,actions:lead,,2000.0,Diario,1295.9,297,247,1.202429,4363.3,0.673401,2,120254108819080427
2026-09-10,2026-09-10,Redirección al perfil de Instagram - Segmentación manual,JY | Awareness,ACTIVE,46,profile_visit_view,48.68,2500.0,Diario,2239.23,2817,2711,1.0391,794.9,1.70394,48,120252699394260427
2026-09-10,2026-09-10,Nuevo conjunto de anuncios de Tráfico,JY | Awareness Boxer Taller,CAMPAIGN_PAUSED,51,profile_visit_view,34.6,2000.0,Diario,1764.76,2355,2206,1.067543,749.37,2.250531,53,120253037138730427
2026-09-10,2026-09-10,Conversión segmentación similar,JY | Conversiones,ACTIVE,1,actions:lead,7162.79,13000.0,Diario,7162.79,1391,1269,1.096139,5149.38,1.150252,16,120252699641350427
2026-09-10,2026-09-10,Remarketing,JY | Remarketing,ACTIVE,2,actions:lead,2601.57,5000.0,Diario,5203.14,946,604,1.566225,5500.15,0.951374,9,120252700778940427
2026-09-10,2026-09-10,Mendoza - Frio - LAL CRM - Video,JY | Viajes Presenciales Luciana,PAUSED,1,actions:lead,2881.2,3000.0,Diario,2881.2,514,465,1.105376,5605.45,0.972763,5,120254099466790427
2026-09-10,2026-09-10,San Juan- Frio - LAL CRM - Video,JY | Viajes Presenciales Luciana,PAUSED,,actions:lead,,3000.0,Diario,3130.46,625,516,1.21124,5008.74,0.96,6,120254102057320427
2026-09-10,2026-09-10,Conjunto 1 - Frio nacional,JY | Webinar Mostrador - 17 SEPT 2026,PAUSED,,actions:lead,,2000.0,Diario,2292.2,546,470,1.161702,4198.17,0.549451,3,120254108819080427
2026-09-10,2026-09-10,Conjunto 2 - Publico Probado,JY | Webinar Mostrador - 17 SEPT 2026,PAUSED,2,actions:lead,1975.12,4000.0,Diario,3950.24,706,454,1.555066,5595.24,1.133144,8,120254275276570427
2026-09-11,2026-09-11,Redirección al perfil de Instagram - Segmentación manual,JY | Awareness,ACTIVE,61,profile_visit_view,46.65,2500.0,Diario,2845.85,3874,3707,1.04505,734.6,1.522974,59,120252699394260427
2026-09-11,2026-09-11,Nuevo conjunto de anuncios de Tráfico,JY | Awareness Boxer Taller,CAMPAIGN_PAUSED,61,profile_visit_view,34.23,2000.0,Diario,2088.1,2878,2684,1.07228,725.54,2.293259,66,120253037138730427
2026-09-11,2026-09-11,Conversión segmentación similar,JY | Conversiones,ACTIVE,3,actions:lead,2766.21,13000.0,Diario,8298.63,1528,1386,1.102453,5431.04,1.832461,28,120252699641350427
2026-09-11,2026-09-11,Remarketing,JY | Remarketing,ACTIVE,,actions:lead,,5000.0,Diario,5037.88,1062,772,1.375648,4743.77,0.47081,5,120252700778940427
2026-09-11,2026-09-11,Mendoza - Frio - LAL CRM - Video,JY | Viajes Presenciales Luciana,PAUSED,1,actions:lead,3150.53,3000.0,Diario,3150.53,595,520,1.144231,5295.01,1.176471,7,120254099466790427
2026-09-11,2026-09-11,San Juan- Frio - LAL CRM - Video,JY | Viajes Presenciales Luciana,PAUSED,1,actions:lead,2650.86,3000.0,Diario,2650.86,519,459,1.130719,5107.63,0.770713,4,120254102057320427
2026-09-11,2026-09-11,Conjunto 1 - Frio nacional,JY | Webinar Mostrador - 17 SEPT 2026,PAUSED,1,actions:lead,2284.28,2000.0,Diario,2284.28,442,374,1.181818,5168.05,0.678733,3,120254108819080427
2026-09-11,2026-09-11,Conjunto 2 - Publico Probado,JY | Webinar Mostrador - 17 SEPT 2026,PAUSED,2,actions:lead,2092.55,4000.0,Diario,4185.09,933,642,1.453271,4485.63,1.286174,12,120254275276570427
2026-09-12,2026-09-12,Redirección al perfil de Instagram - Segmentación manual,JY | Awareness,ACTIVE,71,profile_visit_view,40.19,2500.0,Diario,2853.18,3771,3576,1.05453,756.61,1.935826,73,120252699394260427
2026-09-12,2026-09-12,Nuevo conjunto de anuncios de Tráfico,JY | Awareness Boxer Taller,CAMPAIGN_PAUSED,62,profile_visit_view,29.07,2000.0,Diario,1802.13,2728,2598,1.050038,660.6,2.272727,62,120253037138730427
2026-09-12,2026-09-12,Conversión segmentación similar,JY | Conversiones,ACTIVE,4,actions:lead,2144.12,13000.0,Diario,8576.49,1414,1294,1.092736,6065.41,1.980198,28,120252699641350427
2026-09-12,2026-09-12,Remarketing,JY | Remarketing,ACTIVE,,actions:lead,,5000.0,Diario,3142.53,793,612,1.295752,3962.84,0.75662,6,120252700778940427
2026-09-12,2026-09-12,Mendoza - Frio - LAL CRM - Video,JY | Viajes Presenciales Luciana,PAUSED,,actions:lead,,3000.0,Diario,2556.07,507,459,1.104575,5041.56,0.986193,5,120254099466790427
2026-09-12,2026-09-12,San Juan- Frio - LAL CRM - Video,JY | Viajes Presenciales Luciana,PAUSED,2,actions:lead,1402.23,3000.0,Diario,2804.45,584,504,1.15873,4802.14,2.054795,12,120254102057320427
2026-09-12,2026-09-12,Conjunto 1 - Frio nacional,JY | Webinar Mostrador - 17 SEPT 2026,PAUSED,,actions:lead,,2000.0,Diario,1586.05,321,280,1.146429,4940.97,0.623053,2,120254108819080427
2026-09-12,2026-09-12,Conjunto 2 - Publico Probado,JY | Webinar Mostrador - 17 SEPT 2026,PAUSED,,actions:lead,,4000.0,Diario,1995.26,581,404,1.438119,3434.18,0.860585,5,120254275276570427
2026-09-13,2026-09-13,Redirección al perfil de Instagram - Segmentación manual,JY | Awareness,ACTIVE,60,profile_visit_view,56.72,2500.0,Diario,3403.23,4469,4304,1.038336,761.52,1.387335,62,120252699394260427
2026-09-13,2026-09-13,Nuevo conjunto de anuncios de Tráfico,JY | Awareness Boxer Taller,CAMPAIGN_PAUSED,72,profile_visit_view,32.0,2000.0,Diario,2304.19,3266,2826,1.155697,705.51,2.327006,76,120253037138730427
2026-09-13,2026-09-13,Conversión segmentación similar,JY | Conversiones,ACTIVE,3,actions:lead,4091.73,13000.0,Diario,12275.18,2244,2067,1.085631,5470.22,0.935829,21,120252699641350427
2026-09-13,2026-09-13,Remarketing,JY | Remarketing,ACTIVE,2,actions:lead,2581.91,5000.0,Diario,5163.81,1086,820,1.32439,4754.89,0.828729,9,120252700778940427
2026-09-13,2026-09-13,Mendoza - Frio - LAL CRM - Video,JY | Viajes Presenciales Luciana,PAUSED,1,actions:lead,3946.36,3000.0,Diario,3946.36,679,553,1.227848,5812.02,0.883652,6,120254099466790427
2026-09-13,2026-09-13,San Juan- Frio - LAL CRM - Video,JY | Viajes Presenciales Luciana,PAUSED,1,actions:lead,3741.97,3000.0,Diario,3741.97,816,695,1.174101,4585.75,0.612745,5,120254102057320427
2026-09-13,2026-09-13,Conjunto 1 - Frio nacional,JY | Webinar Mostrador - 17 SEPT 2026,PAUSED,,actions:lead,,2000.0,Diario,2403.15,491,430,1.14186,4894.4,0.610998,3,120254108819080427
2026-09-13,2026-09-13,Conjunto 2 - Publico Probado,JY | Webinar Mostrador - 17 SEPT 2026,PAUSED,2,actions:lead,2274.85,4000.0,Diario,4549.7,1106,716,1.544693,4113.65,0.994575,11,120254275276570427
2026-09-14,2026-09-14,Redirección al perfil de Instagram - Segmentación manual,JY | Awareness,ACTIVE,58,profile_visit_view,42.88,2500.0,Diario,2486.84,3046,2922,1.042437,816.43,2.002626,61,120252699394260427
2026-09-14,2026-09-14,Nuevo conjunto de anuncios de Tráfico,JY | Awareness Boxer Taller,CAMPAIGN_PAUSED,72,profile_visit_view,27.46,2000.0,Diario,1977.42,2698,2539,1.062623,732.92,2.779837,75,120253037138730427
2026-09-14,2026-09-14,Conversión segmentación similar,JY | Conversiones,ACTIVE,3,actions:lead,3666.45,13000.0,Diario,10999.35,2540,2033,1.249385,4330.45,1.141732,29,120252699641350427
2026-09-14,2026-09-14,Remarketing,JY | Remarketing,ACTIVE,2,actions:lead,3071.55,5000.0,Diario,6143.09,1009,716,1.409218,6088.3,1.189296,12,120252700778940427
2026-09-14,2026-09-14,Mendoza - Frio - LAL CRM - Video,JY | Viajes Presenciales Luciana,PAUSED,,actions:lead,,3000.0,Diario,2375.66,434,398,1.090452,5473.87,0.691244,3,120254099466790427
2026-09-14,2026-09-14,San Juan- Frio - LAL CRM - Video,JY | Viajes Presenciales Luciana,PAUSED,,actions:lead,,3000.0,Diario,2687.58,704,592,1.189189,3817.59,0.426136,3,120254102057320427
2026-09-14,2026-09-14,Conjunto 1 - Frio nacional,JY | Webinar Mostrador - 17 SEPT 2026,PAUSED,1,actions:lead,1890.3,2000.0,Diario,1890.3,424,371,1.142857,4458.25,0.471698,2,120254108819080427
2026-09-14,2026-09-14,Conjunto 2 - Publico Probado,JY | Webinar Mostrador - 17 SEPT 2026,PAUSED,,actions:lead,,4000.0,Diario,3978.58,1272,847,1.501771,3127.81,0.471698,6,120254275276570427
2026-09-15,2026-09-15,Redirección al perfil de Instagram - Segmentación manual,JY | Awareness,ACTIVE,55,profile_visit_view,45.61,2500.0,Diario,2508.5,3041,2925,1.039658,824.89,1.874383,57,120252699394260427
2026-09-15,2026-09-15,Nuevo conjunto de anuncios de Tráfico,JY | Awareness Boxer Taller,CAMPAIGN_PAUSED,51,profile_visit_view,34.06,2000.0,Diario,1736.81,2358,2221,1.061684,736.56,2.205259,52,120253037138730427
2026-09-15,2026-09-15,Conversión segmentación similar,JY | Conversiones,ACTIVE,3,actions:lead,2927.47,13000.0,Diario,8782.41,2365,1939,1.219701,3713.49,0.761099,18,120252699641350427
2026-09-15,2026-09-15,Remarketing,JY | Remarketing,ACTIVE,,actions:lead,,5000.0,Diario,4811.24,926,720,1.286111,5195.72,0.539957,5,120252700778940427
2026-09-15,2026-09-15,Mendoza - Frio - LAL CRM - Video,JY | Viajes Presenciales Luciana,PAUSED,2,actions:lead,1207.59,3000.0,Diario,2415.18,495,441,1.122449,4879.15,0.808081,4,120254099466790427
2026-09-15,2026-09-15,San Juan- Frio - LAL CRM - Video,JY | Viajes Presenciales Luciana,PAUSED,1,actions:lead,3286.67,3000.0,Diario,3286.67,546,481,1.135135,6019.54,1.648352,9,120254102057320427
2026-09-15,2026-09-15,Conjunto 1 - Frio nacional,JY | Webinar Mostrador - 17 SEPT 2026,PAUSED,,actions:lead,,2000.0,Diario,2343.72,423,374,1.131016,5540.71,0.70922,3,120254108819080427
2026-09-15,2026-09-15,Conjunto 2 - Publico Probado,JY | Webinar Mostrador - 17 SEPT 2026,PAUSED,4,actions:lead,1113.96,4000.0,Diario,4455.83,1215,898,1.353007,3667.35,0.658436,8,120254275276570427
2026-09-16,2026-09-16,Redirección al perfil de Instagram - Segmentación manual,JY | Awareness,ACTIVE,45,profile_visit_view,48.23,2500.0,Diario,2170.45,2669,2552,1.045846,813.21,1.835894,49,120252699394260427
2026-09-16,2026-09-16,Nuevo conjunto de anuncios de Tráfico,JY | Awareness Boxer Taller,CAMPAIGN_PAUSED,58,profile_visit_view,32.93,2000.0,Diario,1909.94,2395,2264,1.057862,797.47,2.546973,61,120253037138730427
2026-09-16,2026-09-16,Conversión segmentación similar,JY | Conversiones,ACTIVE,1,actions:lead,9921.0,13000.0,Diario,9921.0,2163,1803,1.199667,4586.69,0.416089,9,120252699641350427
2026-09-16,2026-09-16,Remarketing,JY | Remarketing,ACTIVE,1,actions:lead,4985.12,5000.0,Diario,4985.12,672,546,1.230769,7418.33,0.446429,3,120252700778940427
2026-09-16,2026-09-16,Mendoza - Frio - LAL CRM - Video,JY | Viajes Presenciales Luciana,PAUSED,,actions:lead,,3000.0,Diario,3196.41,590,518,1.138996,5417.64,0.847458,5,120254099466790427
2026-09-16,2026-09-16,San Juan- Frio - LAL CRM - Video,JY | Viajes Presenciales Luciana,PAUSED,,actions:lead,,3000.0,Diario,2965.98,557,466,1.195279,5324.92,1.077199,6,120254102057320427
2026-09-16,2026-09-16,Conjunto 1 - Frio nacional,JY | Webinar Mostrador - 17 SEPT 2026,PAUSED,,actions:lead,,2000.0,Diario,777.47,137,134,1.022388,5674.96,0.729927,1,120254108819080427
2026-09-16,2026-09-16,Conjunto 2 - Publico Probado,JY | Webinar Mostrador - 17 SEPT 2026,PAUSED,1,actions:lead,1944.65,4000.0,Diario,1944.65,494,406,1.216749,3936.54,0.202429,1,120254275276570427
2026-09-17,2026-09-17,Redirección al perfil de Instagram - Segmentación manual,JY | Awareness,ACTIVE,53,profile_visit_view,41.27,2500.0,Diario,2187.41,2377,2364,1.005499,920.24,2.397981,57,120252699394260427
2026-09-17,2026-09-17,Nuevo conjunto de anuncios de Tráfico,JY | Awareness Boxer Taller,CAMPAIGN_PAUSED,20,profile_visit_view,28.7,2000.0,Diario,574.06,667,667,1.0,860.66,2.998501,20,120253037138730427
2026-09-17,2026-09-17,Mecanicos-Intereses + LAL Seguidores IG,JY | Awareness Boxer Taller (AGENTE META),ACTIVE,31,profile_visit_view,41.38,3000.0,Diario,1282.87,987,955,1.033508,1299.77,3.343465,33,120254402437330427
2026-09-17,2026-09-17,Conversión segmentación similar,JY | Conversiones,ACTIVE,5,actions:lead,1750.49,13000.0,Diario,8752.45,2025,1691,1.197516,4322.2,0.888889,18,120252699641350427
2026-09-17,2026-09-17,Remarketing,JY | Remarketing,ACTIVE,3,actions:lead,1641.9,5000.0,Diario,4925.71,653,508,1.285433,7543.2,1.378254,9,120252700778940427
2026-09-17,2026-09-17,Mendoza - Frio - LAL CRM - Video,JY | Viajes Presenciales Luciana,PAUSED,1,actions:lead,1712.79,3000.0,Diario,1712.79,193,179,1.078212,8874.56,1.036269,2,120254099466790427
2026-09-17,2026-09-17,San Juan- Frio - LAL CRM - Video,JY | Viajes Presenciales Luciana,PAUSED,1,actions:lead,2993.99,3000.0,Diario,2993.99,570,517,1.102515,5252.61,1.929825,11,120254102057320427
2026-09-18,2026-09-18,Redirección al perfil de Instagram - Segmentación manual,JY | Awareness,ACTIVE,67,profile_visit_view,44.91,2500.0,Diario,3008.8,3811,3518,1.083286,789.5,1.784309,68,120252699394260427
2026-09-18,2026-09-18,Mecanicos-Intereses + LAL Seguidores IG,JY | Awareness Boxer Taller (AGENTE META),ACTIVE,45,profile_visit_view,39.71,3000.0,Diario,1786.88,1044,995,1.049246,1711.57,4.310345,45,120254402437330427
2026-09-18,2026-09-18,Conversión segmentación similar,JY | Conversiones,ACTIVE,6,actions:lead,1767.69,13000.0,Diario,10606.11,2771,2366,1.171175,3827.54,0.649585,18,120252699641350427
2026-09-18,2026-09-18,Remarketing,JY | Remarketing,ACTIVE,2,actions:lead,2615.24,5000.0,Diario,5230.48,702,544,1.290441,7450.83,0.569801,4,120252700778940427
2026-09-18,2026-09-18,San Juan- Frio - LAL CRM - Video,JY | Viajes Presenciales Luciana,PAUSED,1,actions:lead,3159.04,3000.0,Diario,3159.04,691,595,1.161345,4571.69,1.157742,8,120254102057320427
2026-09-19,2026-09-19,Redirección al perfil de Instagram - Segmentación manual,JY | Awareness,ACTIVE,37,profile_visit_view,46.82,2500.0,Diario,1732.49,1986,1902,1.044164,872.35,1.863041,37,120252699394260427
2026-09-19,2026-09-19,Mecanicos-Intereses + LAL Seguidores IG,JY | Awareness Boxer Taller (AGENTE META),ACTIVE,55,profile_visit_view,37.84,3000.0,Diario,2080.95,1343,1260,1.065873,1549.48,4.169769,56,120254402437330427
2026-09-19,2026-09-19,Conversión segmentación similar,JY | Conversiones,ACTIVE,5,actions:lead,1708.66,13000.0,Diario,8543.29,2306,2030,1.135961,3704.81,0.650477,15,120252699641350427
2026-09-19,2026-09-19,Remarketing,JY | Remarketing,ACTIVE,,actions:lead,,5000.0,Diario,3668.74,762,595,1.280672,4814.62,0.262467,2,120252700778940427
2026-09-19,2026-09-19,San Juan- Frio - LAL CRM - Video,JY | Viajes Presenciales Luciana,PAUSED,,actions:lead,,3000.0,Diario,2143.95,493,424,1.162736,4348.78,1.014199,5,120254102057320427
2026-09-20,2026-09-20,Redirección al perfil de Instagram - Segmentación manual,JY | Awareness,ACTIVE,72,profile_visit_view,40.74,2500.0,Diario,2933.03,3548,3467,1.023363,826.67,2.113867,75,120252699394260427
2026-09-20,2026-09-20,Mecanicos-Intereses + LAL Seguidores IG,JY | Awareness Boxer Taller (AGENTE META),ACTIVE,84,profile_visit_view,34.77,3000.0,Diario,2920.26,1998,1900,1.051579,1461.59,4.254254,85,120254402437330427
2026-09-20,2026-09-20,Conversión segmentación similar,JY | Conversiones,ACTIVE,5,actions:lead,2543.7,13000.0,Diario,12718.5,3724,3265,1.140582,3415.28,0.644468,24,120252699641350427
2026-09-20,2026-09-20,Remarketing,JY | Remarketing,ACTIVE,1,actions:lead,5627.09,5000.0,Diario,5627.09,980,727,1.348006,5741.93,0.714286,7,120252700778940427
2026-09-20,2026-09-20,San Juan- Frio - LAL CRM - Video,JY | Viajes Presenciales Luciana,PAUSED,2,actions:lead,2230.41,3000.0,Diario,4460.81,835,678,1.231563,5342.29,1.317365,11,120254102057320427
2026-09-21,2026-09-21,Redirección al perfil de Instagram - Segmentación manual,JY | Awareness,ACTIVE,78,profile_visit_view,35.22,2500.0,Diario,2746.95,4212,4003,1.052211,652.17,1.899335,80,120252699394260427
2026-09-21,2026-09-21,Mecanicos-Intereses + LAL Seguidores IG,JY | Awareness Boxer Taller (AGENTE META),ACTIVE,40,profile_visit_view,35.31,3000.0,Diario,1412.56,990,931,1.063373,1426.83,4.242424,42,120254402437330427
2026-09-21,2026-09-21,Conversión segmentación similar,JY | Conversiones,ACTIVE,3,actions:lead,3731.25,13000.0,Diario,11193.75,3488,2950,1.182373,3209.22,0.659404,23,120252699641350427
2026-09-21,2026-09-21,Remarketing,JY | Remarketing,ACTIVE,2,actions:lead,2305.81,5000.0,Diario,4611.62,712,567,1.255732,6476.99,1.123596,8,120252700778940427
2026-09-21,2026-09-21,San Juan- Frio - LAL CRM - Video,JY | Viajes Presenciales Luciana,PAUSED,2,actions:lead,1738.92,3000.0,Diario,3477.84,803,661,1.214826,4331.06,0.996264,8,120254102057320427
2026-09-22,2026-09-22,Redirección al perfil de Instagram - Segmentación manual,JY | Awareness,ACTIVE,64,profile_visit_view,32.04,2500.0,Diario,2050.7,3074,2891,1.0633,667.11,2.114509,65,120252699394260427
2026-09-22,2026-09-22,Mecanicos-Intereses + LAL Seguidores IG,JY | Awareness Boxer Taller (AGENTE META),ACTIVE,25,profile_visit_view,69.13,3000.0,Diario,1728.18,1423,1345,1.057993,1214.46,1.827126,26,120254402437330427
2026-09-22,2026-09-22,Conversión segmentación similar,JY | Conversiones,ACTIVE,1,actions:lead,12450.57,13000.0,Diario,12450.57,3262,2736,1.192251,3816.85,0.643777,21,120252699641350427
2026-09-22,2026-09-22,Remarketing,JY | Remarketing,ACTIVE,,actions:lead,,5000.0,Diario,5453.2,941,720,1.306944,5795.11,0.53135,5,120252700778940427
2026-09-22,2026-09-22,San Juan- Frio - LAL CRM - Video,JY | Viajes Presenciales Luciana,PAUSED,2,actions:lead,1513.69,3000.0,Diario,3027.38,705,601,1.173045,4294.16,0.851064,6,120254102057320427
2026-09-23,2026-09-23,Redirección al perfil de Instagram - Segmentación manual,JY | Awareness,ACTIVE,57,profile_visit_view,38.56,2500.0,Diario,2197.93,3391,3207,1.057374,648.17,1.71041,58,120252699394260427
2026-09-23,2026-09-23,Mecanicos-Intereses + LAL Seguidores IG,JY | Awareness Boxer Taller (AGENTE META),ACTIVE,33,profile_visit_view,61.29,3000.0,Diario,2022.6,1921,1828,1.050875,1052.89,1.717855,33,120254402437330427
2026-09-23,2026-09-23,Conversión segmentación similar,JY | Conversiones,ACTIVE,2,actions:lead,5655.51,13000.0,Diario,11311.02,2823,2386,1.183152,4006.74,0.42508,12,120252699641350427
2026-09-23,2026-09-23,Remarketing,JY | Remarketing,ACTIVE,1,actions:lead,4847.73,5000.0,Diario,4847.73,1081,825,1.310303,4484.49,0.647549,7,120252700778940427
2026-09-23,2026-09-23,San Juan- Frio - LAL CRM - Video,JY | Viajes Presenciales Luciana,PAUSED,,actions:lead,,3000.0,Diario,2536.44,597,508,1.175197,4248.64,0.335008,2,120254102057320427
2026-09-24,2026-09-24,Redirección al perfil de Instagram - Segmentación manual,JY | Awareness,ACTIVE,70,profile_visit_view,38.49,2500.0,Diario,2694.56,3849,3681,1.04564,700.07,1.896597,73,120252699394260427
2026-09-24,2026-09-24,Mecanicos-Intereses + LAL Seguidores IG,JY | Awareness Boxer Taller (AGENTE META),ACTIVE,33,profile_visit_view,59.39,3000.0,Diario,1959.93,1916,1835,1.044142,1022.93,1.77453,34,120254402437330427
2026-09-24,2026-09-24,Conversión segmentación similar,JY | Conversiones,ACTIVE,,actions:lead,,13000.0,Diario,14510.02,3120,2701,1.155128,4650.65,0.99359,31,120252699641350427
2026-09-24,2026-09-24,Conversión - LAL Envio formulario 1-2% (AGENTE META),JY | Conversiones,ACTIVE,,actions:lead,,4500.0,Diario,1822.46,282,248,1.137097,6462.62,0.70922,2,120254486200060427
2026-09-24,2026-09-24,Remarketing,JY | Remarketing,ACTIVE,,actions:lead,,5000.0,Diario,4806.35,1071,806,1.328784,4487.72,0.840336,9,120252700778940427
2026-09-24,2026-09-24,San Juan- RMK - Placas,JY | Viajes Presenciales Luciana,PAUSED,,actions:lead,,1505.0,Diario,2563.29,292,234,1.247863,8778.39,0.342466,1,120254101460370427
2026-09-24,2026-09-24,San Juan- Frio - LAL CRM - Video,JY | Viajes Presenciales Luciana,PAUSED,,actions:lead,,3000.0,Diario,1047.88,197,181,1.088398,5319.19,,,120254102057320427
2026-09-25,2026-09-25,Redirección al perfil de Instagram - Segmentación manual,JY | Awareness,ACTIVE,59,profile_visit_view,39.71,2500.0,Diario,2343.03,3097,3017,1.026516,756.55,1.87278,58,120252699394260427
2026-09-25,2026-09-25,Mecanicos-Intereses + LAL Seguidores IG,JY | Awareness Boxer Taller (AGENTE META),ACTIVE,26,profile_visit_view,70.63,3000.0,Diario,1836.28,1876,1850,1.014054,978.83,1.385928,26,120254402437330427
2026-09-25,2026-09-25,Conversión segmentación similar,JY | Conversiones,ACTIVE,1,actions:lead,12373.58,13000.0,Diario,12373.58,2637,2357,1.118795,4692.29,0.872203,23,120252699641350427
2026-09-25,2026-09-25,Conversión - LAL Envio formulario 1-2% (AGENTE META),JY | Conversiones,ACTIVE,1,actions:lead,3809.27,4500.0,Diario,3809.27,419,340,1.232353,9091.34,0.954654,4,120254486200060427
2026-09-25,2026-09-25,Remarketing,JY | Remarketing,ACTIVE,1,actions:lead,5153.09,5000.0,Diario,5153.09,1010,788,1.281726,5102.07,1.089109,11,120252700778940427
2026-09-25,2026-09-25,San Juan- RMK - Placas,JY | Viajes Presenciales Luciana,PAUSED,,actions:lead,,1505.0,Diario,2626.12,324,230,1.408696,8105.31,0.308642,1,120254101460370427
2026-09-26,2026-09-26,Redirección al perfil de Instagram - Segmentación manual,JY | Awareness,ACTIVE,59,profile_visit_view,42.92,2500.0,Diario,2532.37,3443,3313,1.039239,735.51,1.713622,59,120252699394260427
2026-09-26,2026-09-26,Mecanicos-Intereses + LAL Seguidores IG,JY | Awareness Boxer Taller (AGENTE META),ACTIVE,37,profile_visit_view,54.71,3000.0,Diario,2024.39,1966,1913,1.027705,1029.7,1.881994,37,120254402437330427
2026-09-26,2026-09-26,Conversión segmentación similar,JY | Conversiones,ACTIVE,1,actions:lead,12541.62,13000.0,Diario,12541.62,2545,2214,1.149503,4927.94,0.86444,22,120252699641350427
2026-09-26,2026-09-26,Conversión - LAL Envio formulario 1-2% (AGENTE META),JY | Conversiones,ACTIVE,1,actions:lead,3636.52,4500.0,Diario,3636.52,438,366,1.196721,8302.56,0.456621,2,120254486200060427
2026-09-26,2026-09-26,Remarketing,JY | Remarketing,ACTIVE,,actions:lead,,5000.0,Diario,4395.03,934,753,1.240372,4705.6,0.321199,3,120252700778940427
2026-09-26,2026-09-26,San Juan- RMK - Placas,JY | Viajes Presenciales Luciana,PAUSED,,actions:lead,,1505.0,Diario,2613.17,426,354,1.20339,6134.2,0.704225,3,120254101460370427
2026-09-27,2026-09-27,Redirección al perfil de Instagram - Segmentación manual,JY | Awareness,ACTIVE,51,profile_visit_view,44.79,2500.0,Diario,2284.51,2729,2698,1.01149,837.12,1.868816,51,120252699394260427
2026-09-27,2026-09-27,Mecanicos-Intereses + LAL Seguidores IG,JY | Awareness Boxer Taller (AGENTE META),ACTIVE,56,profile_visit_view,48.91,3000.0,Diario,2738.97,2571,2457,1.046398,1065.33,2.255932,58,120254402437330427
2026-09-27,2026-09-27,Conversión segmentación similar,JY | Conversiones,ACTIVE,3,actions:lead,5030.95,13000.0,Diario,15092.85,3384,2954,1.145565,4460.06,0.561466,19,120252699641350427
2026-09-27,2026-09-27,Conversión - LAL Envio formulario 1-2% (AGENTE META),JY | Conversiones,ACTIVE,,actions:lead,,4500.0,Diario,3814.34,448,377,1.188329,8514.15,0.446429,2,120254486200060427
2026-09-27,2026-09-27,Remarketing,JY | Remarketing,ACTIVE,2,actions:lead,2746.72,5000.0,Diario,5493.43,924,702,1.316239,5945.27,1.082251,10,120252700778940427
2026-09-27,2026-09-27,San Juan- RMK - Placas,JY | Viajes Presenciales Luciana,PAUSED,,actions:lead,,1505.0,Diario,2361.27,356,287,1.240418,6632.78,0.280899,1,120254101460370427
2026-09-28,2026-09-28,Redirección al perfil de Instagram - Segmentación manual,JY | Awareness,ACTIVE,57,profile_visit_view,55.43,2500.0,Diario,3159.45,4302,4237,1.015341,734.41,1.371455,59,120252699394260427
2026-09-28,2026-09-28,Mecanicos-Intereses + LAL Seguidores IG,JY | Awareness Boxer Taller (AGENTE META),ACTIVE,73,profile_visit_view,31.8,3000.0,Diario,2321.22,1646,1539,1.069526,1410.22,4.495747,74,120254402437330427
2026-09-28,2026-09-28,Conversión segmentación similar,JY | Conversiones,ACTIVE,3,actions:lead,4804.6,13000.0,Diario,14413.8,3442,2801,1.228847,4187.62,0.958745,33,120252699641350427
2026-09-28,2026-09-28,Conversión - LAL Envio formulario 1-2% (AGENTE META),JY | Conversiones,ACTIVE,,actions:lead,,4500.0,Diario,3630.69,422,360,1.172222,8603.53,0.473934,2,120254486200060427
2026-09-28,2026-09-28,Remarketing,JY | Remarketing,ACTIVE,,actions:lead,,5000.0,Diario,5196.14,849,689,1.232221,6120.31,0.942285,8,120252700778940427
2026-09-28,2026-09-28,San Juan- RMK - Placas,JY | Viajes Presenciales Luciana,PAUSED,1,actions:lead,2056.93,1505.0,Diario,2056.93,433,343,1.262391,4750.42,1.154734,5,120254101460370427
2026-09-29,2026-09-29,Redirección al perfil de Instagram - Segmentación manual,JY | Awareness,ACTIVE,67,profile_visit_view,43.51,2500.0,Diario,2914.89,3138,2954,1.062288,928.9,2.135118,67,120252699394260427
2026-09-29,2026-09-29,Mecanicos-Intereses + LAL Seguidores IG,JY | Awareness Boxer Taller (AGENTE META),ACTIVE,36,profile_visit_view,30.43,3000.0,Diario,1095.45,640,600,1.066667,1711.64,5.625,36,120254402437330427
2026-09-29,2026-09-29,Conversión segmentación similar,JY | Conversiones,ACTIVE,2,actions:lead,6554.99,13000.0,Diario,13109.97,2844,2276,1.249561,4609.69,0.914205,26,120252699641350427
2026-09-29,2026-09-29,Conversión - LAL Envio formulario 1-2% (AGENTE META),JY | Conversiones,ACTIVE,,actions:lead,,4500.0,Diario,3792.96,523,457,1.14442,7252.31,0.573614,3,120254486200060427
2026-09-29,2026-09-29,rabacion Clases de IA | LAL video + apertura form,JY | Cursos y Webinars (AGENTE META),ACTIVE,,actions:lead,,2000.0,Diario,1741.87,296,285,1.038596,5884.7,1.689189,5,120254602445160427
2026-09-29,2026-09-29,Remarketing,JY | Remarketing,ACTIVE,1,actions:lead,4759.01,5000.0,Diario,4759.01,1100,825,1.333333,4326.37,0.909091,10,120252700778940427
2026-09-29,2026-09-29,San Juan- RMK - Placas,JY | Viajes Presenciales Luciana,PAUSED,,actions:lead,,1505.0,Diario,564.59,130,122,1.065574,4343.0,,,120254101460370427
2026-09-30,2026-09-30,Redirección al perfil de Instagram - Segmentación manual,JY | Awareness,ACTIVE,59,profile_visit_view,43.94,2500.0,Diario,2592.56,2256,2190,1.030137,1149.18,2.703901,61,120252699394260427
2026-09-30,2026-09-30,Mecanicos-Intereses + LAL Seguidores IG,JY | Awareness Boxer Taller (AGENTE META),ACTIVE,46,profile_visit_view,55.55,3000.0,Diario,2555.22,1143,1143,1.0,2235.54,4.024497,46,120254402437330427
2026-09-30,2026-09-30,Conversión segmentación similar,JY | Conversiones,ACTIVE,1,actions:lead,10996.86,13000.0,Diario,10996.86,1852,1639,1.129957,5937.83,1.241901,23,120252699641350427
2026-09-30,2026-09-30,Conversión - LAL Envio formulario 1-2% (AGENTE META),JY | Conversiones,ACTIVE,1,actions:lead,3965.45,4500.0,Diario,3965.45,569,497,1.144869,6969.16,1.581722,9,120254486200060427
2026-09-30,2026-09-30,rabacion Clases de IA | LAL video + apertura form,JY | Cursos y Webinars (AGENTE META),ACTIVE,,actions:lead,,2000.0,Diario,2117.97,453,391,1.158568,4675.43,0.220751,1,120254602445160427
2026-09-30,2026-09-30,Remarketing,JY | Remarketing,ACTIVE,,actions:lead,,5000.0,Diario,5407.43,828,639,1.295775,6530.71,1.570048,13,120252700778940427
2026-09-30,2026-09-30,Bariloche - Frio - LAL CRM - Placa,JY | Viajes Presenciales Santiago,ACTIVE,1,actions:lead,1390.57,1561.28,Diario,1390.57,151,127,1.188976,9209.07,1.324503,2,120254620299850427
2026-10-01,2026-10-01,Redirección al perfil de Instagram - Segmentación manual,JY | Awareness,ACTIVE,58,profile_visit_view,39.98,2500.0,Diario,2318.74,2234,2143,1.042464,1037.93,2.730528,61,120252699394260427
2026-10-01,2026-10-01,Mecanicos-Intereses + LAL Seguidores IG,JY | Awareness Boxer Taller (AGENTE META),ACTIVE,91,profile_visit_view,38.38,3000.0,Diario,3492.18,1882,1813,1.038058,1855.57,5.154091,97,120254402437330427
2026-10-01,2026-10-01,Conversión segmentación similar,JY | Conversiones,ACTIVE,1,actions:lead,11372.68,13000.0,Diario,11372.68,1547,1396,1.108166,7351.44,1.03426,16,120252699641350427
2026-10-01,2026-10-01,Conversión - LAL Envio formulario 1-2% (AGENTE META),JY | Conversiones,ACTIVE,,actions:lead,,4500.0,Diario,3400.31,506,429,1.179487,6719.98,0.395257,2,120254486200060427
2026-10-01,2026-10-01,rabacion Clases de IA | LAL video + apertura form,JY | Cursos y Webinars (AGENTE META),ACTIVE,1,actions:lead,1149.62,2000.0,Diario,1149.62,244,210,1.161905,4711.56,2.459016,6,120254602445160427
2026-10-01,2026-10-01,Remarketing,JY | Remarketing,ACTIVE,,actions:lead,,5000.0,Diario,4446.23,756,584,1.294521,5881.26,1.322751,10,120252700778940427
2026-10-01,2026-10-01,Bariloche - Frio - LAL CRM - Placa,JY | Viajes Presenciales Santiago,ACTIVE,,actions:lead,,1561.28,Diario,1832.12,215,167,1.287425,8521.49,1.395349,3,120254620299850427
2026-10-02,2026-10-02,Redirección al perfil de Instagram - Segmentación manual,JY | Awareness,ACTIVE,47,profile_visit_view,54.0,2500.0,Diario,2538.16,2363,2289,1.032329,1074.13,2.073635,49,120252699394260427
2026-10-02,2026-10-02,Mecanicos-Intereses + LAL Seguidores IG,JY | Awareness Boxer Taller (AGENTE META),ACTIVE,84,profile_visit_view,29.12,3000.0,Diario,2445.71,1730,1655,1.045317,1413.71,4.971098,86,120254402437330427
2026-10-02,2026-10-02,Conversión segmentación similar,JY | Conversiones,ACTIVE,1,actions:lead,15237.31,13000.0,Diario,15237.31,2213,1936,1.143079,6885.36,1.084501,24,120252699641350427
2026-10-02,2026-10-02,Conversión - LAL Envio formulario 1-2% (AGENTE META),JY | Conversiones,ACTIVE,,actions:lead,,4500.0,Diario,4073.0,446,390,1.14359,9132.29,0.896861,4,120254486200060427
2026-10-02,2026-10-02,rabacion Clases de IA | LAL video + apertura form,JY | Cursos y Webinars (AGENTE META),ACTIVE,1,actions:lead,3005.1,2000.0,Diario,3005.1,612,526,1.163498,4910.29,0.653595,4,120254602445160427
2026-10-02,2026-10-02,Remarketing,JY | Remarketing,ACTIVE,,actions:lead,,5000.0,Diario,5117.49,778,643,1.209953,6577.75,1.156812,9,120252700778940427
2026-10-02,2026-10-02,Bariloche - Frio - LAL CRM - Placa,JY | Viajes Presenciales Santiago,ACTIVE,,actions:lead,,1561.28,Diario,1789.13,129,103,1.252427,13869.22,1.550388,2,120254620299850427
2026-10-03,2026-10-03,Redirección al perfil de Instagram - Segmentación manual,JY | Awareness,ACTIVE,27,profile_visit_view,62.6,2500.0,Diario,1690.22,1685,1685,1.0,1003.1,1.661721,28,120252699394260427
2026-10-03,2026-10-03,Mecanicos-Intereses + LAL Seguidores IG,JY | Awareness Boxer Taller (AGENTE META),ACTIVE,90,profile_visit_view,25.51,3000.0,Diario,2295.47,1594,1472,1.08288,1440.07,5.959849,95,120254402437330427
2026-10-03,2026-10-03,Conversión segmentación similar,JY | Conversiones,ACTIVE,3,actions:lead,5191.53,13000.0,Diario,15574.6,2637,2279,1.157086,5906.18,1.137656,30,120252699641350427
2026-10-03,2026-10-03,Conversión - LAL Envio formulario 1-2% (AGENTE META),JY | Conversiones,ACTIVE,1,actions:lead,3811.44,4500.0,Diario,3811.44,450,414,1.086957,8469.87,0.666667,3,120254486200060427
2026-10-03,2026-10-03,rabacion Clases de IA | LAL video + apertura form,JY | Cursos y Webinars (AGENTE META),ACTIVE,2,actions:lead,494.85,2000.0,Diario,989.69,305,285,1.070175,3244.89,1.967213,6,120254602445160427
2026-10-03,2026-10-03,Remarketing,JY | Remarketing,ACTIVE,2,actions:lead,2221.84,5000.0,Diario,4443.68,804,672,1.196429,5526.97,1.119403,9,120252700778940427
2026-10-03,2026-10-03,Bariloche - Frio - LAL CRM - Placa,JY | Viajes Presenciales Santiago,ACTIVE,,actions:lead,,1561.28,Diario,453.24,93,74,1.256757,4873.55,,,120254620299850427
2026-10-04,2026-10-04,Redirección al perfil de Instagram - Segmentación manual,JY | Awareness,ACTIVE,93,profile_visit_view,29.17,2500.0,Diario,2712.94,4254,4160,1.022596,637.74,2.186178,93,120252699394260427
2026-10-04,2026-10-04,Mecanicos-Intereses + LAL Seguidores IG,JY | Awareness Boxer Taller (AGENTE META),ACTIVE,76,profile_visit_view,34.25,3000.0,Diario,2602.93,2136,2009,1.063216,1218.6,3.604869,77,120254402437330427
2026-10-04,2026-10-04,Conversión segmentación similar,JY | Conversiones,ACTIVE,3,actions:lead,5192.94,13000.0,Diario,15578.82,2761,2278,1.212028,5642.46,0.977907,27,120252699641350427
2026-10-04,2026-10-04,Conversión - LAL Envio formulario 1-2% (AGENTE META),JY | Conversiones,ACTIVE,1,actions:lead,3862.57,4500.0,Diario,3862.57,735,638,1.152038,5255.2,0.544218,4,120254486200060427
2026-10-04,2026-10-04,rabacion Clases de IA | LAL video + apertura form,JY | Cursos y Webinars (AGENTE META),ACTIVE,1,actions:lead,2702.15,2000.0,Diario,2702.15,812,699,1.16166,3327.77,0.492611,4,120254602445160427
2026-10-04,2026-10-04,Remarketing,JY | Remarketing,ACTIVE,5,actions:lead,1230.75,5000.0,Diario,6153.77,1067,756,1.411376,5767.36,0.843486,9,120252700778940427
2026-10-04,2026-10-04,Bariloche - Frio - LAL CRM - Placa,JY | Viajes Presenciales Santiago,ACTIVE,,actions:lead,,1561.28,Diario,1954.75,212,157,1.350318,9220.52,0.943396,2,120254620299850427
