Inicio del informe,Fin del informe,Nombre del anuncio,Nombre del conjunto de anuncios,Nombre de la campaña,Entrega del anuncio,Resultados,Indicador de resultado,Costo por resultados,Importe gastado (ARS),Impresiones,Alcance,Frecuencia,CPM (costo por mil impresiones),CTR (porcentaje de clics en el enlace),Clics en el enlace,Identificador del anuncio
2026-09-28,2026-09-28,Conocimiento - Estado del rubro,Redirección al perfil de Instagram - Segmentación manual,JY | Awareness,ACTIVE,17,profile_visit_view,53.17,903.89,1041,1041,1.0,868.29,1.729107,18,120252699394250427
2026-09-28,2026-09-28,Como tener 2 novias,Redirección al perfil de Instagram - Segmentación manual,JY | Awareness,ACTIVE,40,profile_visit_view,56.39,2255.56,3261,3239,1.006792,691.68,1.257283,41,120254261490500427
2026-09-28,2026-09-28,Meme reel - IA,Mecanicos-Intereses + LAL Seguidores IG,JY | Awareness Boxer Taller (AGENTE META),ACTIVE,73,profile_visit_view,31.8,2321.22,1646,1539,1.069526,1410.22,4.495747,74,120254403027580427
2026-09-28,2026-09-28,Boxer + lectora y impresora de etiquetas,Conversión segmentación similar,JY | Conversiones,ACTIVE,1,actions:lead,9000.35,9000.35,2215,1965,1.127226,4063.36,0.541761,12,120254281335700427
2026-09-28,2026-09-28,DemoIA | Video35 | Frio-Repuesteras | v1 | 2026-09,Conversión - LAL Envio formulario 1-2% (AGENTE META),JY | Conversiones,ACTIVE,,actions:lead,,3066.97,350,299,1.170569,8762.77,0.285714,1,120254486245180427
2026-09-28,2026-09-28,AgilidadMostrador | Video35 | Frio-Repuesteras | v1 | 2026-09,Conversión - LAL Envio formulario 1-2% (AGENTE META),JY | Conversiones,ACTIVE,,actions:lead,,563.72,72,64,1.125,7829.44,1.388889,1,120254523347550427
2026-09-28,2026-09-28,DemoIA | Video35 | Frio-Repuesteras | v1 | 2026-09,Conversión segmentación similar,JY | Conversiones,PAUSED,,actions:lead,,1048.26,293,249,1.176707,3577.68,2.047782,6,120254583265100427
2026-09-28,2026-09-28,TestimonioJesi | Video | Frio-Repuesteras | v2 | 2026-09,Conversión segmentación similar,JY | Conversiones,ACTIVE,2,actions:lead,2182.6,4365.19,934,740,1.262162,4673.65,1.605996,15,120254585290100427
2026-09-28,2026-09-28,Remarketing - Casos de éxito - JUL26,Remarketing,JY | Remarketing,ACTIVE,,actions:lead,,156.11,37,35,1.057143,4219.19,2.702703,1,120252701921370427
2026-09-28,2026-09-28,Oferta | Img | Remarketing | v1 | 2026-09,Remarketing,JY | Remarketing,ACTIVE,,actions:lead,,5040.03,812,660,1.230303,6206.93,0.862069,7,120254261331160427
2026-09-28,2026-09-28,Anuncio placa fija - Copia,San Juan- RMK - Placas,JY | Viajes Presenciales Luciana,ADSET_PAUSED,1,actions:lead,2056.93,2056.93,433,343,1.262391,4750.42,1.154734,5,120254101460810427
2026-09-29,2026-09-29,Conocimiento - Estado del rubro,Redirección al perfil de Instagram - Segmentación manual,JY | Awareness,ACTIVE,52,profile_visit_view,45.83,2383.39,2347,2195,1.069248,1015.5,2.215594,52,120252699394250427
2026-09-29,2026-09-29,Conocimiento - Funcionalidad - Precios y proveedores,Redirección al perfil de Instagram - Segmentación manual,JY | Awareness,ACTIVE,,profile_visit_view,,20.91,33,33,1.0,633.64,,,120252704384180427
2026-09-29,2026-09-29,Como tener 2 novias,Redirección al perfil de Instagram - Segmentación manual,JY | Awareness,ACTIVE,15,profile_visit_view,34.04,510.59,758,740,1.024324,673.6,1.978892,15,120254261490500427
2026-09-29,2026-09-29,Meme reel - IA,Mecanicos-Intereses + LAL Seguidores IG,JY | Awareness Boxer Taller (AGENTE META),ACTIVE,34,profile_visit_view,30.96,1052.67,615,576,1.067708,1711.66,5.528455,34,120254403027580427
2026-09-29,2026-09-29,Entradas Expomecanico,Mecanicos-Intereses + LAL Seguidores IG,JY | Awareness Boxer Taller (AGENTE META),ACTIVE,2,profile_visit_view,21.39,42.78,25,23,1.086957,1711.2,8.0,2,120254603694730427
2026-09-29,2026-09-29,Boxer + lectora y impresora de etiquetas,Conversión segmentación similar,JY | Conversiones,ACTIVE,1,actions:lead,4196.98,4196.98,933,864,1.079861,4498.37,0.428725,4,120254281335700427
2026-09-29,2026-09-29,DemoIA | Video35 | Frio-Repuesteras | v1 | 2026-09,Conversión - LAL Envio formulario 1-2% (AGENTE META),JY | Conversiones,ACTIVE,,actions:lead,,3124.26,404,362,1.116022,7733.32,0.742574,3,120254486245180427
2026-09-29,2026-09-29,AgilidadMostrador | Video35 | Frio-Repuesteras | v1 | 2026-09,Conversión - LAL Envio formulario 1-2% (AGENTE META),JY | Conversiones,ACTIVE,,actions:lead,,668.7,119,106,1.122642,5619.33,,,120254523347550427
2026-09-29,2026-09-29,DemoIA | Video35 | Frio-Repuesteras | v1 | 2026-09,Conversión segmentación similar,JY | Conversiones,PAUSED,,actions:lead,,144.64,59,58,1.017241,2451.53,3.389831,2,120254583265100427
2026-09-29,2026-09-29,TestimonioJesi | Video | Frio-Repuesteras | v2 | 2026-09,Conversión segmentación similar,JY | Conversiones,ACTIVE,1,actions:lead,8768.35,8768.35,1852,1410,1.313475,4734.53,1.079914,20,120254585290100427
2026-09-29,2026-09-29,GrabacionIA | Video30 | LAL-video | v1 | 2026-09,rabacion Clases de IA | LAL video + apertura form,JY | Cursos y Webinars (AGENTE META),ACTIVE,,actions:lead,,1485.22,231,221,1.045249,6429.52,1.731602,4,120254602445150427
2026-09-29,2026-09-29,GrabacionIA | Placa | LAL-video | v1 | 2026-09,rabacion Clases de IA | LAL video + apertura form,JY | Cursos y Webinars (AGENTE META),ACTIVE,,actions:lead,,256.65,65,64,1.015625,3948.46,1.538462,1,120254603752530427
2026-09-29,2026-09-29,Oferta | Img | Remarketing | v1 | 2026-09,Remarketing,JY | Remarketing,ACTIVE,1,actions:lead,4759.01,4759.01,1100,825,1.333333,4326.37,0.909091,10,120254261331160427
2026-09-29,2026-09-29,Anuncio placa fija - Copia,San Juan- RMK - Placas,JY | Viajes Presenciales Luciana,ADSET_PAUSED,,actions:lead,,564.59,130,122,1.065574,4343.0,,,120254101460810427
2026-09-30,2026-09-30,Conocimiento - Estado del rubro,Redirección al perfil de Instagram - Segmentación manual,JY | Awareness,ACTIVE,59,profile_visit_view,43.94,2592.56,2256,2190,1.030137,1149.18,2.703901,61,120252699394250427
2026-09-30,2026-09-30,Meme reel - IA,Mecanicos-Intereses + LAL Seguidores IG,JY | Awareness Boxer Taller (AGENTE META),ACTIVE,26,profile_visit_view,46.81,1217.18,687,664,1.034639,1771.73,3.784571,26,120254403027580427
2026-09-30,2026-09-30,Entradas Expomecanico,Mecanicos-Intereses + LAL Seguidores IG,JY | Awareness Boxer Taller (AGENTE META),ACTIVE,20,profile_visit_view,66.9,1338.04,456,456,1.0,2934.3,4.385965,20,120254603694730427
2026-09-30,2026-09-30,Boxer + lectora y impresora de etiquetas,Conversión segmentación similar,JY | Conversiones,ACTIVE,,actions:lead,,4125.38,630,608,1.036184,6548.22,1.111111,7,120254281335700427
2026-09-30,2026-09-30,DemoIA | Video35 | Frio-Repuesteras | v1 | 2026-09,Conversión - LAL Envio formulario 1-2% (AGENTE META),JY | Conversiones,ACTIVE,1,actions:lead,3599.67,3599.67,538,474,1.135021,6690.84,1.115242,6,120254486245180427
2026-09-30,2026-09-30,AgilidadMostrador | Video35 | Frio-Repuesteras | v1 | 2026-09,Conversión - LAL Envio formulario 1-2% (AGENTE META),JY | Conversiones,ACTIVE,,actions:lead,,365.78,31,29,1.068966,11799.35,9.677419,3,120254523347550427
2026-09-30,2026-09-30,TestimonioJesi | Video | Frio-Repuesteras | v2 | 2026-09,Conversión segmentación similar,JY | Conversiones,ACTIVE,1,actions:lead,6871.48,6871.48,1222,1036,1.179537,5623.14,1.309329,16,120254585290100427
2026-09-30,2026-09-30,GrabacionIA | Video30 | LAL-video | v1 | 2026-09,rabacion Clases de IA | LAL video + apertura form,JY | Cursos y Webinars (AGENTE META),ACTIVE,,actions:lead,,224.61,49,47,1.042553,4583.88,,,120254602445150427
2026-09-30,2026-09-30,GrabacionIA | Placa | LAL-video | v1 | 2026-09,rabacion Clases de IA | LAL video + apertura form,JY | Cursos y Webinars (AGENTE META),ACTIVE,,actions:lead,,1893.36,404,350,1.154286,4686.53,0.247525,1,120254603752530427
2026-09-30,2026-09-30,Remarketing - Casos de éxito - JUL26,Remarketing,JY | Remarketing,ACTIVE,,actions:lead,,377.26,35,31,1.129032,10778.86,2.857143,1,120252701921370427
2026-09-30,2026-09-30,Oferta | Img | Remarketing | v1 | 2026-09,Remarketing,JY | Remarketing,ACTIVE,,actions:lead,,5030.17,793,619,1.281099,6343.22,1.513241,12,120254261331160427
2026-09-30,2026-09-30,Placa Santi  - Bariloche,Bariloche - Frio - LAL CRM - Placa,JY | Viajes Presenciales Santiago,ACTIVE,1,actions:lead,1390.57,1390.57,151,127,1.188976,9209.07,1.324503,2,120254620299960427
2026-10-01,2026-10-01,Conocimiento - Estado del rubro,Redirección al perfil de Instagram - Segmentación manual,JY | Awareness,ACTIVE,58,profile_visit_view,39.98,2318.74,2234,2143,1.042464,1037.93,2.730528,61,120252699394250427
2026-10-01,2026-10-01,Meme reel - IA,Mecanicos-Intereses + LAL Seguidores IG,JY | Awareness Boxer Taller (AGENTE META),ACTIVE,34,profile_visit_view,31.79,1080.93,727,704,1.03267,1486.84,4.676754,34,120254403027580427
2026-10-01,2026-10-01,Entradas Expomecanico,Mecanicos-Intereses + LAL Seguidores IG,JY | Awareness Boxer Taller (AGENTE META),ACTIVE,57,profile_visit_view,42.3,2411.25,1155,1078,1.071429,2087.66,5.454545,63,120254603694730427
2026-10-01,2026-10-01,Boxer + lectora y impresora de etiquetas,Conversión segmentación similar,JY | Conversiones,ACTIVE,,actions:lead,,5731.56,794,738,1.075881,7218.59,1.259446,10,120254281335700427
2026-10-01,2026-10-01,DemoIA | Video35 | Frio-Repuesteras | v1 | 2026-09,Conversión - LAL Envio formulario 1-2% (AGENTE META),JY | Conversiones,ACTIVE,,actions:lead,,2980.48,465,404,1.15099,6409.63,0.430108,2,120254486245180427
2026-10-01,2026-10-01,AgilidadMostrador | Video35 | Frio-Repuesteras | v1 | 2026-09,Conversión - LAL Envio formulario 1-2% (AGENTE META),JY | Conversiones,ACTIVE,,actions:lead,,419.83,41,39,1.051282,10239.76,,,120254523347550427
2026-10-01,2026-10-01,TestimonioJesi | Video | Frio-Repuesteras | v2 | 2026-09,Conversión segmentación similar,JY | Conversiones,ACTIVE,1,actions:lead,5641.12,5641.12,753,689,1.092888,7491.53,0.796813,6,120254585290100427
2026-10-01,2026-10-01,GrabacionIA | Video30 | LAL-video | v1 | 2026-09,rabacion Clases de IA | LAL video + apertura form,JY | Cursos y Webinars (AGENTE META),ACTIVE,,actions:lead,,293.76,45,42,1.071429,6528.0,2.222222,1,120254602445150427
2026-10-01,2026-10-01,GrabacionIA | Placa | LAL-video | v1 | 2026-09,rabacion Clases de IA | LAL video + apertura form,JY | Cursos y Webinars (AGENTE META),ACTIVE,1,actions:lead,855.86,855.86,199,171,1.163743,4300.8,2.512563,5,120254603752530427
2026-10-01,2026-10-01,Remarketing - Casos de éxito - JUL26,Remarketing,JY | Remarketing,ACTIVE,,actions:lead,,1.96,1,1,1.0,1960.0,,,120252701921370427
2026-10-01,2026-10-01,Oferta | Img | Remarketing | v1 | 2026-09,Remarketing,JY | Remarketing,ACTIVE,,actions:lead,,4444.27,755,583,1.295026,5886.45,1.324503,10,120254261331160427
2026-10-01,2026-10-01,Placa Santi  - Bariloche,Bariloche - Frio - LAL CRM - Placa,JY | Viajes Presenciales Santiago,ACTIVE,,actions:lead,,1832.12,215,167,1.287425,8521.49,1.395349,3,120254620299960427
2026-10-02,2026-10-02,Conocimiento - Estado del rubro,Redirección al perfil de Instagram - Segmentación manual,JY | Awareness,ACTIVE,41,profile_visit_view,53.87,2208.59,1910,1865,1.024129,1156.33,2.251309,43,120252699394250427
2026-10-02,2026-10-02,Conocimiento - Funcionalidad - Precios y proveedores,Redirección al perfil de Instagram - Segmentación manual,JY | Awareness,ACTIVE,6,profile_visit_view,51.0,305.97,428,400,1.07,714.88,1.401869,6,120252704384180427
2026-10-02,2026-10-02,Como tener 2 novias,Redirección al perfil de Instagram - Segmentación manual,JY | Awareness,ACTIVE,,profile_visit_view,,23.6,25,25,1.0,944.0,,,120254261490500427
2026-10-02,2026-10-02,Meme reel - IA,Mecanicos-Intereses + LAL Seguidores IG,JY | Awareness Boxer Taller (AGENTE META),ACTIVE,75,profile_visit_view,25.8,1935.29,1404,1330,1.055639,1378.41,5.270655,74,120254403027580427
2026-10-02,2026-10-02,Entradas Expomecanico,Mecanicos-Intereses + LAL Seguidores IG,JY | Awareness Boxer Taller (AGENTE META),ACTIVE,9,profile_visit_view,56.71,510.42,326,320,1.01875,1565.71,3.680982,12,120254603694730427
2026-10-02,2026-10-02,Boxer + lectora y impresora de etiquetas,Conversión segmentación similar,JY | Conversiones,ACTIVE,1,actions:lead,9335.35,9335.35,1263,1138,1.109842,7391.41,0.633413,8,120254281335700427
2026-10-02,2026-10-02,DemoIA | Video35 | Frio-Repuesteras | v1 | 2026-09,Conversión - LAL Envio formulario 1-2% (AGENTE META),JY | Conversiones,ACTIVE,,actions:lead,,4073.0,446,390,1.14359,9132.29,0.896861,4,120254486245180427
2026-10-02,2026-10-02,TestimonioJesi | Video | Frio-Repuesteras | v2 | 2026-09,Conversión segmentación similar,JY | Conversiones,ACTIVE,,actions:lead,,5901.96,950,810,1.17284,6212.59,1.684211,16,120254585290100427
2026-10-02,2026-10-02,GrabacionIA | Video30 | LAL-video | v1 | 2026-09,rabacion Clases de IA | LAL video + apertura form,JY | Cursos y Webinars (AGENTE META),ACTIVE,,actions:lead,,678.02,51,48,1.0625,13294.51,,,120254602445150427
2026-10-02,2026-10-02,GrabacionIA | Placa | LAL-video | v1 | 2026-09,rabacion Clases de IA | LAL video + apertura form,JY | Cursos y Webinars (AGENTE META),ACTIVE,1,actions:lead,2327.08,2327.08,561,484,1.159091,4148.09,0.713012,4,120254603752530427
2026-10-02,2026-10-02,Remarketing - Casos de éxito - JUL26,Remarketing,JY | Remarketing,ACTIVE,,actions:lead,,13.52,4,4,1.0,3380.0,,,120252701921370427
2026-10-02,2026-10-02,Oferta | Img | Remarketing | v1 | 2026-09,Remarketing,JY | Remarketing,ACTIVE,,actions:lead,,5103.97,774,638,1.213166,6594.28,1.162791,9,120254261331160427
2026-10-02,2026-10-02,Placa Santi  - Bariloche,Bariloche - Frio - LAL CRM - Placa,JY | Viajes Presenciales Santiago,ACTIVE,,actions:lead,,1789.13,129,103,1.252427,13869.22,1.550388,2,120254620299960427
2026-10-03,2026-10-03,Conocimiento - Estado del rubro,Redirección al perfil de Instagram - Segmentación manual,JY | Awareness,ACTIVE,24,profile_visit_view,60.91,1461.95,1342,1342,1.0,1089.38,1.862891,25,120252699394250427
2026-10-03,2026-10-03,Conocimiento - Funcionalidad - Precios y proveedores,Redirección al perfil de Instagram - Segmentación manual,JY | Awareness,ACTIVE,2,profile_visit_view,78.2,156.39,231,230,1.004348,677.01,0.865801,2,120252704384180427
2026-10-03,2026-10-03,Como tener 2 novias,Redirección al perfil de Instagram - Segmentación manual,JY | Awareness,ACTIVE,1,profile_visit_view,71.88,71.88,112,112,1.0,641.79,0.892857,1,120254261490500427
2026-10-03,2026-10-03,Meme reel - IA,Mecanicos-Intereses + LAL Seguidores IG,JY | Awareness Boxer Taller (AGENTE META),ACTIVE,88,profile_visit_view,24.7,2173.41,1517,1398,1.085122,1432.7,5.998682,91,120254403027580427
2026-10-03,2026-10-03,Entradas Expomecanico,Mecanicos-Intereses + LAL Seguidores IG,JY | Awareness Boxer Taller (AGENTE META),ACTIVE,2,profile_visit_view,61.03,122.06,77,75,1.026667,1585.19,5.194805,4,120254603694730427
2026-10-03,2026-10-03,Boxer + lectora y impresora de etiquetas,Conversión segmentación similar,JY | Conversiones,ACTIVE,3,actions:lead,3151.65,9454.94,1642,1516,1.083113,5758.19,0.974421,16,120254281335700427
2026-10-03,2026-10-03,DemoIA | Video35 | Frio-Repuesteras | v1 | 2026-09,Conversión - LAL Envio formulario 1-2% (AGENTE META),JY | Conversiones,ACTIVE,1,actions:lead,3170.97,3170.97,406,380,1.068421,7810.27,0.738916,3,120254486245180427
2026-10-03,2026-10-03,AgilidadMostrador | Video35 | Frio-Repuesteras | v1 | 2026-09,Conversión - LAL Envio formulario 1-2% (AGENTE META),JY | Conversiones,ACTIVE,,actions:lead,,640.47,44,39,1.128205,14556.14,,,120254523347550427
2026-10-03,2026-10-03,TestimonioJesi | Video | Frio-Repuesteras | v2 | 2026-09,Conversión segmentación similar,JY | Conversiones,ACTIVE,,actions:lead,,6119.66,995,873,1.139748,6150.41,1.407035,14,120254585290100427
2026-10-03,2026-10-03,GrabacionIA | Video30 | LAL-video | v1 | 2026-09,rabacion Clases de IA | LAL video + apertura form,JY | Cursos y Webinars (AGENTE META),ACTIVE,,actions:lead,,104.32,27,27,1.0,3863.7,3.703704,1,120254602445150427
2026-10-03,2026-10-03,GrabacionIA | Placa | LAL-video | v1 | 2026-09,rabacion Clases de IA | LAL video + apertura form,JY | Cursos y Webinars (AGENTE META),ACTIVE,2,actions:lead,442.69,885.37,278,260,1.069231,3184.78,1.798561,5,120254603752530427
2026-10-03,2026-10-03,Remarketing - Casos de éxito - JUL26,Remarketing,JY | Remarketing,ACTIVE,,actions:lead,,338.41,65,59,1.101695,5206.31,3.076923,2,120252701921370427
2026-10-03,2026-10-03,Oferta | Img | Remarketing | v1 | 2026-09,Remarketing,JY | Remarketing,ACTIVE,2,actions:lead,2052.64,4105.27,739,615,1.201626,5555.17,0.947226,7,120254261331160427
2026-10-03,2026-10-03,Placa Santi  - Bariloche,Bariloche - Frio - LAL CRM - Placa,JY | Viajes Presenciales Santiago,ACTIVE,,actions:lead,,453.24,93,74,1.256757,4873.55,,,120254620299960427
2026-10-04,2026-10-04,Conocimiento - Funcionalidad - Precios y proveedores,Redirección al perfil de Instagram - Segmentación manual,JY | Awareness,ACTIVE,,profile_visit_view,,50.86,76,76,1.0,669.21,,,120252704384180427
2026-10-04,2026-10-04,Como tener 2 novias,Redirección al perfil de Instagram - Segmentación manual,JY | Awareness,ACTIVE,93,profile_visit_view,28.62,2662.08,4178,4107,1.017288,637.17,2.225945,93,120254261490500427
2026-10-04,2026-10-04,Meme reel - IA,Mecanicos-Intereses + LAL Seguidores IG,JY | Awareness Boxer Taller (AGENTE META),ACTIVE,76,profile_visit_view,33.81,2569.56,2106,1985,1.060957,1220.11,3.65622,77,120254403027580427
2026-10-04,2026-10-04,Entradas Expomecanico,Mecanicos-Intereses + LAL Seguidores IG,JY | Awareness Boxer Taller (AGENTE META),ACTIVE,,profile_visit_view,,33.37,30,28,1.071429,1112.33,,,120254603694730427
2026-10-04,2026-10-04,Boxer + lectora y impresora de etiquetas,Conversión segmentación similar,JY | Conversiones,ACTIVE,3,actions:lead,4596.95,13790.86,2491,2075,1.200482,5536.27,0.963468,24,120254281335700427
2026-10-04,2026-10-04,DemoIA | Video35 | Frio-Repuesteras | v1 | 2026-09,Conversión - LAL Envio formulario 1-2% (AGENTE META),JY | Conversiones,ACTIVE,1,actions:lead,3743.66,3743.66,703,615,1.143089,5325.26,0.56899,4,120254486245180427
2026-10-04,2026-10-04,AgilidadMostrador | Video35 | Frio-Repuesteras | v1 | 2026-09,Conversión - LAL Envio formulario 1-2% (AGENTE META),JY | Conversiones,ACTIVE,,actions:lead,,118.91,32,29,1.103448,3715.94,,,120254523347550427
2026-10-04,2026-10-04,TestimonioJesi | Video | Frio-Repuesteras | v2 | 2026-09,Conversión segmentación similar,JY | Conversiones,ACTIVE,,actions:lead,,1787.96,270,254,1.062992,6622.07,1.111111,3,120254585290100427
2026-10-04,2026-10-04,GrabacionIA | Video30 | LAL-video | v1 | 2026-09,rabacion Clases de IA | LAL video + apertura form,JY | Cursos y Webinars (AGENTE META),ACTIVE,,actions:lead,,182.24,34,30,1.133333,5360.0,,,120254602445150427
2026-10-04,2026-10-04,GrabacionIA | Placa | LAL-video | v1 | 2026-09,rabacion Clases de IA | LAL video + apertura form,JY | Cursos y Webinars (AGENTE META),ACTIVE,1,actions:lead,2519.91,2519.91,778,667,1.166417,3238.96,0.514139,4,120254603752530427
2026-10-04,2026-10-04,Remarketing - Casos de éxito - JUL26,Remarketing,JY | Remarketing,ACTIVE,1,actions:lead,2558.82,2558.82,492,344,1.430233,5200.85,0.609756,3,120252701921370427
2026-10-04,2026-10-04,Oferta | Img | Remarketing | v1 | 2026-09,Remarketing,JY | Remarketing,ACTIVE,4,actions:lead,898.74,3594.95,575,466,1.233906,6252.09,1.043478,6,120254261331160427
2026-10-04,2026-10-04,Placa Santi  - Bariloche,Bariloche - Frio - LAL CRM - Placa,JY | Viajes Presenciales Santiago,ACTIVE,,actions:lead,,1954.75,212,157,1.350318,9220.52,0.943396,2,120254620299960427
