id_negociacion,provincia,asesor_viaje
28554,Córdoba,Santiago Iaquinta
27760,Córdoba,Santiago Iaquinta
28586,Córdoba,Santiago Iaquinta
25148,Córdoba,Santiago Iaquinta
23052,Córdoba,Santiago Iaquinta
27604,Córdoba,Santiago Iaquinta
28176,Córdoba,Santiago Iaquinta
26976,Córdoba,Santiago Iaquinta
10040,Córdoba,Santiago Iaquinta
28568,Córdoba,Santiago Iaquinta
28484,Córdoba,Santiago Iaquinta
25918,Córdoba,Santiago Iaquinta
28606,Córdoba,Santiago Iaquinta
28612,Córdoba,Santiago Iaquinta
28596,Córdoba,Santiago Iaquinta
15272,Rosario,Santiago Iaquinta
28634,Rosario,Santiago Iaquinta
27462,Rosario,Santiago Iaquinta
27282,Rosario,Santiago Iaquinta
26168,Rosario,Santiago Iaquinta
28478,Rosario,Santiago Iaquinta
21058,Rosario,Santiago Iaquinta
27902,Rosario,Santiago Iaquinta
28396,Rosario,Santiago Iaquinta
11012,Rosario,Santiago Iaquinta
28646,Rosario,Santiago Iaquinta
28644,Rosario,Santiago Iaquinta
28912,Mendoza,Luciana Canteli
29790,Mendoza,Luciana Canteli
28792,Mendoza,Luciana Canteli
28798,Mendoza,Luciana Canteli
27634,Mendoza,Luciana Canteli
28818,Mendoza,Luciana Canteli
22204,Mendoza,Luciana Canteli
11880,Mendoza,Luciana Canteli
26606,Mendoza,Luciana Canteli
28846,Mendoza,Luciana Canteli
28866,Mendoza,Luciana Canteli
27566,Mendoza,Luciana Canteli
15864,Mendoza,Luciana Canteli
12568,Mendoza,Luciana Canteli
27876,Mendoza,Luciana Canteli
