"ID";"Etapa";"Origen";"Creado";"Razon de no derivacion";"Tipo de negocio";"Interes en producto";"Prioridad";"Contacto efectivo";"UTM Source";"UTM Medium";"UTM Campaign";"UTM Content";"UTM Term"
"4758";"Prospecto inactivo";"Meta Ads Formulario";"19/09/2026 09:17:44";"Le parece caro";"Casa de Repuestos de Autos";"Inactivo";"Media";"Efectivo";"meta";"lead_ad";"Formulario anuncios 1";"Boxer + lectora y impresora de etiquetas";"Conversión segmentación similar"
"4762";"Prospecto inactivo";"Meta Ads Formulario";"19/09/2026 23:45:16";"Lead enfriado";"Taller mecánico";"Inactivo";"Media";"Efectivo";"meta";"lead_ad";"Formulario anuncios 1";"Boxer + lectora y impresora de etiquetas";"Conversión segmentación similar"
"4764";"Prospecto no útil";"Meta Ads Formulario";"19/09/2026 23:49:18";"No tiene negocio, negocio de otro rubro";"Distribuidora";"Inactivo";"Media";"Efectivo";"meta";"lead_ad";"Formulario anuncios 1";"Boxer + lectora y impresora de etiquetas";"Conversión segmentación similar"
"4766";"Prospecto inactivo";"Meta Ads Formulario";"20/09/2026 01:44:39";"No responde mensajes ni llamada";"Combinación con Casa de Repuestos";"Inactivo";"Media";"No efectivo";"meta";"lead_ad";"Formulario anuncios 1";"Boxer + lectora y impresora de etiquetas";"Conversión segmentación similar"
"4768";"Convertido";"Visita Presencial - San Juan - 2026";"20/09/2026 02:06:03";"";"Casa de Repuestos de Autos";"Inactivo";"Alta";"Efectivo";"";"";"";"";""
"4769";"Prospecto inactivo";"Meta Ads Formulario";"20/09/2026 08:04:41";"Indican que lo evaluarán más adelante";"Distribuidora";"Inactivo";"Media";"Efectivo";"meta";"lead_ad";"Formulario anuncios 1";"Boxer + lectora y impresora de etiquetas";"Conversión segmentación similar"
"4770";"Prospecto inactivo";"Visita Presencial - San Juan - 2026";"20/09/2026 15:57:54";"No responde mensajes ni llamada";"Taller mecánico";"Inactivo";"Media";"No efectivo";"";"";"";"";""
"4772";"Convertido";"Meta Ads Formulario";"20/09/2026 21:00:57";"";"Taller mecánico";"Inactivo";"Media";"Efectivo";"meta";"lead_ad";"Formulario anuncios 1";"Boxer + lectora y impresora de etiquetas";"Conversión segmentación similar"
"4774";"Prospecto inactivo";"Meta Ads Formulario";"20/09/2026 21:47:34";"No responde mensajes ni llamada";"Casa de Repuestos de Motos";"Inactivo";"Media";"No efectivo";"meta";"lead_ad";"Formulario anuncios 1";"Boxer + lectora y impresora de etiquetas";"Conversión segmentación similar"
"4776";"Prospecto inactivo";"Meta Ads Formulario";"20/09/2026 22:32:11";"No responde mensajes ni llamada";"Casa de Repuestos de Autos";"Inactivo";"Media";"Efectivo";"meta";"lead_ad";"Formulario anuncios 1";"Boxer + lectora y impresora de etiquetas";"Conversión segmentación similar"
"4778";"Convertido";"Visita Presencial - San Juan - 2026";"21/09/2026 00:05:25";"";"Casa de Repuestos de Autos";"Inactivo";"Alta";"Efectivo";"";"";"";"";""
"4780";"Prospecto inactivo";"Meta Ads Formulario";"21/09/2026 08:20:01";"No responde mensajes ni llamada";"Casa de Repuestos de Motos";"Inactivo";"Media";"No efectivo";"meta";"lead_ad";"Formulario anuncios 1";"Oferta | Img | Remarketing | v1 | 2026-09";"Remarketing"
"4782";"Convertido";"Redes";"21/09/2026 08:59:35";"";"Combinación con Casa de Repuestos";"";"Media";"Efectivo";"";"";"";"";""
"4790";"Convertido";"Meta Ads Formulario";"21/09/2026 17:45:47";"Fecha de apertura en mas de 1 mes";"Combinación con Casa de Repuestos";"Inactivo";"Media";"Efectivo";"meta";"lead_ad";"Formulario anuncios 1";"Oferta | Img | Remarketing | v1 | 2026-09";"Remarketing"
"4792";"Prospecto inactivo";"Meta Ads Formulario";"21/09/2026 20:22:52";"Fecha de apertura en mas de 1 mes";"Casa de Repuestos de Autos";"Inactivo";"Media";"Efectivo";"meta";"lead_ad";"Formulario anuncios 1";"Video Lu - Actualización de precios y stock";"Conversión segmentación similar"
"4794";"Prospecto inactivo";"Meta Ads Formulario";"21/09/2026 22:09:08";"No responde mensajes ni llamada";"Casa de Repuestos de Autos";"Inactivo";"Media";"No efectivo";"meta";"lead_ad";"Formulario anuncios 1";"Video Lu - Actualización de precios y stock";"Conversión segmentación similar"
"4796";"Convertido";"Visita Presencial - San Juan - 2026";"21/09/2026 22:57:35";"";"Taller mecánico";"Inactivo";"Media";"Efectivo";"";"";"";"";""
"4798";"Prospecto no útil";"Visita Presencial - San Juan - 2026";"22/09/2026 07:23:49";"negocio muy chico";"Taller mecánico";"Inactivo";"Media";"Efectivo";"";"";"";"";""
"4800";"Convertido";"Meta Ads Formulario";"22/09/2026 09:38:01";"";"Combinación con Casa de Repuestos";"Inactivo";"Media";"Efectivo";"meta";"lead_ad";"Formulario anuncios 1";"Video Lu - Actualización de precios y stock";"Conversión segmentación similar"
"4814";"Convertido";"Redes";"23/09/2026 16:56:14";"";"Casa de Repuestos de Autos";"Activo";"Alta";"Efectivo";"";"";"";"";""
"4826";"Formularios Meta";"Meta Ads Formulario";"25/09/2026 12:30:01";"";"Casa de Repuestos de Autos";"Inactivo";"Media";"No efectivo";"meta";"lead_ad";"Formulario anuncios 1";"Video Lu - Actualización de precios y stock";"Conversión segmentación similar"
"4828";"Formularios Meta";"Meta Ads Formulario";"25/09/2026 14:14:39";"";"Casa de Repuestos de Motos";"Inactivo";"Media";"No efectivo";"meta";"lead_ad";"Formulario anuncios 1";"Video Lu - Actualización de precios y stock";"Conversión segmentación similar"
"4830";"Formularios Meta";"Meta Ads Formulario";"25/09/2026 14:14:41";"";"Casa de Repuestos de Autos";"Inactivo";"Media";"No efectivo";"meta";"lead_ad";"Formulario anuncios 1";"Video Lu - Actualización de precios y stock";"Conversión segmentación similar"
"4832";"Prospecto inactivo";"Meta Ads Formulario";"25/09/2026 14:14:43";"No interesado por ahora";"Casa de Repuestos de Autos";"Inactivo";"Media";"Efectivo";"meta";"lead_ad";"Formulario anuncios 1";"Boxer + lectora y impresora de etiquetas";"Conversión segmentación similar"
"4840";"Formularios Meta";"Meta Ads Formulario";"25/09/2026 18:20:43";"";"Taller mecánico";"Inactivo";"Media";"";"meta";"lead_ad";"Formulario anuncios 1";"Oferta | Img | Remarketing | v1 | 2026-09";"Remarketing"
"4842";"Formularios Meta";"Meta Ads Formulario";"25/09/2026 21:50:32";"";"Casa de Repuestos de Autos";"Inactivo";"Media";"";"meta";"lead_ad";"Formulario anuncios 1";"DemoIA | Video35 | Frio-Repuesteras | v1 | 2026-09";"Conversión - LAL Presupuestados 2% (AGENTE META)"
"4844";"Formularios Meta";"Meta Ads Formulario";"26/09/2026 14:48:55";"";"Casa de Repuestos de Autos";"Inactivo";"Media";"";"meta";"lead_ad";"Formulario anuncios 1";"Remarketing - Casos de éxito - JUL26";"Remarketing"
"4846";"Formularios Meta";"Meta Ads Formulario";"26/09/2026 16:05:37";"";"Casa de Repuestos de Motos";"Inactivo";"Media";"";"meta";"lead_ad";"Formulario anuncios 1";"Boxer + lectora y impresora de etiquetas";"Conversión segmentación similar"
"4848";"Formularios Meta";"Meta Ads Formulario";"27/09/2026 02:52:26";"";"Taller mecánico";"Inactivo";"Media";"";"meta";"lead_ad";"Formulario anuncios 1";"Oferta | Img | Remarketing | v1 | 2026-09";"Remarketing"
"4850";"Formularios Meta";"Meta Ads Formulario";"27/09/2026 06:04:44";"";"Casa de Repuestos de Motos";"Inactivo";"Media";"";"meta";"lead_ad";"Formulario anuncios 1";"Boxer + lectora y impresora de etiquetas";"Conversión segmentación similar"
"4852";"Formularios Meta";"Meta Ads Formulario";"27/09/2026 11:38:37";"";"Casa de Repuestos de Motos";"Inactivo";"Media";"";"meta";"lead_ad";"Formulario anuncios 1";"Boxer + lectora y impresora de etiquetas";"Conversión segmentación similar"
"4854";"Formularios Meta";"Meta Ads Formulario";"28/09/2026 04:24:24";"";"Casa de Repuestos de Motos";"Inactivo";"Media";"";"meta";"lead_ad";"Formulario anuncios 1";"Boxer + lectora y impresora de etiquetas";"Conversión segmentación similar"
